receptor_0_3mA_3min: CV i vs E Scan 2,,receptor_0_3mA_3min: CV i vs E Scan 3,,receptor_0_3mA_3min: CV i vs E Scan 4,,receptor_0_3mA_3min: CV i vs E Scan 5,,receptor_0_3mA_5min: CV i vs E Scan 2,,receptor_0_3mA_5min: CV i vs E Scan 3,,receptor_0_3mA_5min: CV i vs E Scan 4,,receptor_0_3mA_5min: CV i vs E Scan 5,,receptor_0_3mA_10min: CV i vs E Scan 2,,receptor_0_3mA_10min: CV i vs E Scan 3,,receptor_0_3mA_10min: CV i vs E Scan 4,,receptor_0_3mA_10min: CV i vs E Scan 5,,receptor_0_3mA_15min: CV i vs E Scan 2 [1],,receptor_0_3mA_15min: CV i vs E Scan 3 [1],,receptor_0_3mA_15min: CV i vs E Scan 4 [1],,receptor_0_3mA_15min: CV i vs E Scan 5 [1],,receptor_0_3mA_20min: CV i vs E Scan 2,,receptor_0_3mA_20min: CV i vs E Scan 3,,receptor_0_3mA_20min: CV i vs E Scan 4,,receptor_0_3mA_20min: CV i vs E Scan 5,,receptor_0_3mA_25min: CV i vs E Scan 3,,receptor_0_3mA_25min: CV i vs E Scan 4,,receptor_0_3mA_25min: CV i vs E Scan 5,,receptor_0_3mA_25min: CV i vs E Scan 2 [1],,receptor_0_3mA_30min: CV i vs E Scan 2,,receptor_0_3mA_30min: CV i vs E Scan 3,,receptor_0_3mA_30min: CV i vs E Scan 4,,receptor_0_3mA_30min: CV i vs E Scan 5,,receptor_0mA_2min [1]: CV i vs E Scan 2,,receptor_0mA_2min [1]: CV i vs E Scan 3,,receptor_0mA_2min [1]: CV i vs E Scan 4,,receptor_0mA_2min [1]: CV i vs E Scan 5
Date and time measurement:,2025-07-04 11:39:21,Date and time measurement:,2025-07-04 11:39:21,Date and time measurement:,2025-07-04 11:39:21,Date and time measurement:,2025-07-04 11:39:21,Date and time measurement:,2025-07-04 11:43:35,Date and time measurement:,2025-07-04 11:43:35,Date and time measurement:,2025-07-04 11:43:35,Date and time measurement:,2025-07-04 11:43:35,Date and time measurement:,2025-07-04 11:48:11,Date and time measurement:,2025-07-04 11:48:11,Date and time measurement:,2025-07-04 11:48:11,Date and time measurement:,2025-07-04 11:48:11,Date and time measurement:,2025-07-04 11:52:29,Date and time measurement:,2025-07-04 11:52:29,Date and time measurement:,2025-07-04 11:52:29,Date and time measurement:,2025-07-04 11:52:29,Date and time measurement:,2025-07-04 11:59:20,Date and time measurement:,2025-07-04 11:59:20,Date and time measurement:,2025-07-04 11:59:20,Date and time measurement:,2025-07-04 11:59:20,Date and time measurement:,2025-07-04 12:04:14,Date and time measurement:,2025-07-04 12:04:14,Date and time measurement:,2025-07-04 12:04:14,Date and time measurement:,2025-07-04 12:04:14,Date and time measurement:,2025-07-04 12:09:07,Date and time measurement:,2025-07-04 12:09:07,Date and time measurement:,2025-07-04 12:09:07,Date and time measurement:,2025-07-04 12:09:07,Date and time measurement:,2025-07-04 11:35:11,Date and time measurement:,2025-07-04 11:35:11,Date and time measurement:,2025-07-04 11:35:11,Date and time measurement:,2025-07-04 11:35:11,
V,µA,V,µA,V,µA,V,µA,V,µA,V,µA,V,µA,V,µA,V,µA,V,µA,V,µA,V,µA,V,µA,V,µA,V,µA,V,µA,V,µA,V,µA,V,µA,V,µA,V,µA,V,µA,V,µA,V,µA,V,µA,V,µA,V,µA,V,µA,V,µA,V,µA,V,µA,V,µA
-1.00004291534424,-7.93436050415039,-1.00004291534424,-7.71644592285156,-1.00004291534424,-7.58579254150391,-1.00004291534424,-7.51140594482422,-1.00004291534424,-9.24805164337158,-1.00004291534424,-8.92857074737549,-1.00004291534424,-8.76167774200439,-1.00004291534424,-8.65343570709229,-1.00004291534424,-9.23851490020752,-1.00004291534424,-8.99628162384033,-1.00004291534424,-8.87087345123291,-1.00004291534424,-8.77264499664307,-1.00004291534424,-9.93470191955566,-1.00004291534424,-9.54751014709473,-1.00004291534424,-9.35963153839111,-1.00004291534424,-9.28286075592041,-1.00004291534424,-13.2182168960571,-1.00004291534424,-12.766170501709,-1.00004291534424,-12.6083374023438,-1.00004291534424,-12.5349044799805,-1.00004291534424,-18.2550659179688,-1.00004291534424,-17.9680061340332,-1.00004291534424,-17.8311538696289,-1.00004291534424,-19.0652122497559,-1.00004291534424,-14.7226428985596,-1.00004291534424,-14.1723680496216,-1.00004291534424,-13.9425325393677,-1.00004291534424,-13.8457345962524,-1.00004291534424,-7.19192504882813,-1.00004291534424,-7.11753845214844,-1.00004291534424,-7.00834274291992,-1.00004291534424,-6.91726684570313
-0.950042724609375,-6.98450088500977,-0.950042724609375,-6.81378841400146,-0.950042724609375,-6.71603679656982,-0.950042724609375,-6.65929317474365,-0.950042724609375,-8.08074951171875,-0.950042724609375,-7.83422470092773,-0.950042724609375,-7.70786285400391,-0.950042724609375,-7.630615234375,-0.950042724609375,-8.04880142211914,-0.950042724609375,-7.88333892822266,-0.950042724609375,-7.80132293701172,-0.950042724609375,-7.73218154907227,-0.950042724609375,-8.53470325469971,-0.950042724609375,-8.28865528106689,-0.950042724609375,-8.15990924835205,-0.950042724609375,-8.10840606689453,-0.950042724609375,-11.0543203353882,-0.950042724609375,-10.7033681869507,-0.950042724609375,-10.5712795257568,-0.950042724609375,-10.5073833465576,-0.950042724609375,-13.9563608169556,-0.950042724609375,-13.6988687515259,-0.950042724609375,-13.5620164871216,-0.950042724609375,-14.6568393707275,-0.950042724609375,-11.8334722518921,-0.950042724609375,-11.4596319198608,-0.950042724609375,-11.3046598434448,-0.950042724609375,-11.2283658981323,-0.950042724609375,-6.45854473114014,-0.950042724609375,-6.38988018035889,-0.950042724609375,-6.28688335418701,-0.950042724609375,-6.20534420013428
-0.900042533874512,-6.12285137176514,-0.900042533874512,-5.9955358505249,-0.900042533874512,-5.92734813690186,-0.900042533874512,-5.89063167572021,-0.900042533874512,-7.0355224609375,-0.900042533874512,-6.86004161834717,-0.900042533874512,-6.76705837249756,-0.900042533874512,-6.71699047088623,-0.900042533874512,-6.98163986206055,-0.900042533874512,-6.8824577331543,-0.900042533874512,-6.83667659759521,-0.900042533874512,-6.79614543914795,-0.900042533874512,-7.28443145751953,-0.900042533874512,-7.14614868164063,-0.900042533874512,-7.06699371337891,-0.900042533874512,-7.0355224609375,-0.900042533874512,-9.11024570465088,-0.900042533874512,-8.82223606109619,-0.900042533874512,-8.70302677154541,-0.900042533874512,-8.63913059234619,-0.900042533874512,-10.5374240875244,-0.900042533874512,-10.3075885772705,-0.900042533874512,-10.1712131500244,-0.900042533874512,-11.1492109298706,-0.900042533874512,-9.35152530670166,-0.900042533874512,-9.07591342926025,-0.900042533874512,-8.96481037139893,-0.900042533874512,-8.90472888946533,-0.900042533874512,-5.75711727142334,-0.900042533874512,-5.70085048675537,-0.900042533874512,-5.61310768127441,-0.900042533874512,-5.54539680480957
-0.850120544433594,-5.32605171203613,-0.850120544433594,-5.23783683776855,-0.850120544433594,-5.19587516784668,-0.850120544433594,-5.17441749572754,-0.850120544433594,-6.04989528656006,-0.850120544433594,-5.93926906585693,-0.850120544433594,-5.87584972381592,-0.850120544433594,-5.84628582000732,-0.850120544433594,-5.96215724945068,-0.850120544433594,-5.92114925384521,-0.850120544433594,-5.9035062789917,-0.850120544433594,-5.88586330413818,-0.850120544433594,-6.10902309417725,-0.850120544433594,-6.05180263519287,-0.850120544433594,-6.01413249969482,-0.850120544433594,-5.99982738494873,-0.850120544433594,-7.31161117553711,-0.850120544433594,-7.06270217895508,-0.850120544433594,-6.95302963256836,-0.850120544433594,-6.88817977905273,-0.850120544433594,-7.61249542236328,-0.850120544433594,-7.40793228149414,-0.850120544433594,-7.26964950561523,-0.850120544433594,-8.13988208770752,-0.850120544433594,-7.13613510131836,-0.850120544433594,-6.92632675170898,-0.850120544433594,-6.84382915496826,-0.850120544433594,-6.79662227630615,-0.850120544433594,-5.0776195526123,-0.850120544433594,-5.0466251373291,-0.850120544433594,-4.97939109802246,-0.850120544433594,-4.9240779876709
-0.80012035369873,-4.57503318786621,-0.80012035369873,-4.52115058898926,-0.80012035369873,-4.50064659118652,-0.80012035369873,-4.48824882507324,-0.80012035369873,-5.09430885314941,-0.80012035369873,-5.03613471984863,-0.80012035369873,-4.99894142150879,-0.80012035369873,-4.9860668182373,-0.80012035369873,-4.96508598327637,-0.80012035369873,-4.97128486633301,-0.80012035369873,-4.97509956359863,-0.80012035369873,-4.97319221496582,-0.80012035369873,-4.98892784118652,-0.80012035369873,-4.99035835266113,-0.80012035369873,-4.9851131439209,-0.80012035369873,-4.98654365539551,-0.80012035369873,-5.64601421356201,-0.80012035369873,-5.42284965515137,-0.80012035369873,-5.32223701477051,-0.80012035369873,-5.25547981262207,-0.80012035369873,-5.02659797668457,-0.80012035369873,-4.83777046203613,-0.80012035369873,-4.69853401184082,-0.80012035369873,-5.48722267150879,-0.80012035369873,-5.13960838317871,-0.80012035369873,-4.97462272644043,-0.80012035369873,-4.91311073303223,-0.80012035369873,-4.87687110900879,-0.80012035369873,-4.41910743713379,-0.80012035369873,-4.41624641418457,-0.80012035369873,-4.36951160430908,-0.80012035369873,-4.32754993438721
-0.750198364257813,-3.85691165924072,-0.750198364257813,-3.83116245269775,-0.750198364257813,-3.82687091827393,-0.750198364257813,-3.82114887237549,-0.750198364257813,-4.16494846343994,-0.750198364257813,-4.14778232574463,-0.750198364257813,-4.13156986236572,-0.750198364257813,-4.13061618804932,-0.750198364257813,-3.99757862091064,-0.750198364257813,-4.0366792678833,-0.750198364257813,-4.05432224273682,-0.750198364257813,-4.06147480010986,-0.750198364257813,-3.93082141876221,-0.750198364257813,-3.96992206573486,-0.750198364257813,-3.98804187774658,-0.750198364257813,-4.00043964385986,-0.750198364257813,-4.09533023834229,-0.750198364257813,-3.89267444610596,-0.750198364257813,-3.79969120025635,-0.750198364257813,-3.73293399810791,-0.750198364257813,-2.69914627075195,-0.750198364257813,-2.52128601074219,-0.750198364257813,-2.38109588623047,-0.750198364257813,-3.09730529785156,-0.750198364257813,-3.30568790435791,-0.750198364257813,-3.17837238311768,-0.750198364257813,-3.13402652740479,-0.750198364257813,-3.10922622680664,-0.750198364257813,-3.77298831939697,-0.750198364257813,-3.79921436309814,-0.750198364257813,-3.77251148223877,-0.750198364257813,-3.74247074127197
-0.700198173522949,-3.17169666290283,-0.700198173522949,-3.16549777984619,-0.700198173522949,-3.17360401153564,-0.700198173522949,-3.17217350006104,-0.700198173522949,-3.2742166519165,-0.700198173522949,-3.28566074371338,-0.700198173522949,-3.28518390655518,-0.700198173522949,-3.29138278961182,-0.700198173522949,-3.07060241699219,-0.700198173522949,-3.13021183013916,-0.700198173522949,-3.15596103668213,-0.700198173522949,-3.167405128479,-0.700198173522949,-2.93899536132813,-0.700198173522949,-2.99907684326172,-0.700198173522949,-3.03054809570313,-0.700198173522949,-3.04866790771484,-0.700198173522949,-2.64430999755859,-0.700198173522949,-2.4616813659668,-0.700198173522949,-2.37680435180664,-0.700198173522949,-2.3100471496582,-0.700198173522949,-0.616312026977539,-0.700198173522949,-0.44560432434082,-0.700198173522949,-0.304937362670898,-0.700198173522949,-0.958685874938965,-0.700198173522949,-1.604323387146,-0.700198173522949,-1.512770652771,-0.700198173522949,-1.48559093475342,-0.700198173522949,-1.47080898284912,-0.700198173522949,-3.14070224761963,-0.700198173522949,-3.19172382354736,-0.700198173522949,-3.18409442901611,-0.700198173522949,-3.16454410552979
-0.650197982788086,-2.52223968505859,-0.650197982788086,-2.52843856811523,-0.650197982788086,-2.54417419433594,-0.650197982788086,-2.54560470581055,-0.650197982788086,-2.42734909057617,-0.650197982788086,-2.45643615722656,-0.650197982788086,-2.46644973754883,-0.650197982788086,-2.47646331787109,-0.650197982788086,-2.18893051147461,-0.650197982788086,-2.25854873657227,-0.650197982788086,-2.28668212890625,-0.650197982788086,-2.30051040649414,-0.650197982788086,-2.00773239135742,-0.650197982788086,-2.07687377929688,-0.650197982788086,-2.11311340332031,-0.650197982788086,-2.13123321533203,-0.650197982788086,-1.27578258514404,-0.650197982788086,-1.11890316009521,-0.650197982788086,-1.04165554046631,-0.650197982788086,-0.975852012634277,-0.650197982788086,1.22428417205811,-0.650197982788086,1.38688564300537,-0.650197982788086,1.52612209320068,-0.650197982788086,0.93198299407959,-0.650197982788086,-0.0255107879638672,-0.650197982788086,0.0336170196533203,-0.650197982788086,0.0431537628173828,-0.650197982788086,0.0488758087158203,-0.650197982788086,-2.52891540527344,-0.650197982788086,-2.59853363037109,-0.650197982788086,-2.60616302490234,-0.650197982788086,-2.59567260742188
-0.600275993347168,-1.90616607666016,-0.600275993347168,-1.91951751708984,-0.600275993347168,-1.93906784057617,-0.600275993347168,-1.94145202636719,-0.600275993347168,-1.6205358505249,-0.600275993347168,-1.65963649749756,-0.600275993347168,-1.67584896087646,-0.600275993347168,-1.68729305267334,-0.600275993347168,-1.34635448455811,-0.600275993347168,-1.41883373260498,-0.600275993347168,-1.44649028778076,-0.600275993347168,-1.46079540252686,-0.600275993347168,-1.12271785736084,-0.600275993347168,-1.19519710540771,-0.600275993347168,-1.23191356658936,-0.600275993347168,-1.24669551849365,-0.600275993347168,0.00977516174316406,-0.600275993347168,0.14185905456543,-0.600275993347168,0.210046768188477,-0.600275993347168,0.273942947387695,-0.600275993347168,2.8436279296875,-0.600275993347168,2.99716949462891,-0.600275993347168,3.13211917877197,-0.600275993347168,2.58804321289063,-0.600275993347168,1.43361568450928,-0.600275993347168,1.46127223968506,-0.600275993347168,1.45507335662842,-0.600275993347168,1.4526891708374,-0.600275993347168,-1.9428825378418,-0.600275993347168,-2.02394485473633,-0.600275993347168,-2.04444885253906,-0.600275993347168,-2.04111099243164
-0.550275802612305,-1.32203578948975,-0.550275802612305,-1.33777141571045,-0.550275802612305,-1.35827541351318,-0.550275802612305,-1.360182762146,-0.550275802612305,-0.851397514343262,-0.550275802612305,-0.896220207214355,-0.550275802612305,-0.915770530700684,-0.550275802612305,-0.926737785339355,-0.550275802612305,-0.541448593139648,-0.550275802612305,-0.61345100402832,-0.550275802612305,-0.638251304626465,-0.550275802612305,-0.651602745056152,-0.550275802612305,-0.27775764465332,-0.550275802612305,-0.352621078491211,-0.550275802612305,-0.386953353881836,-0.550275802612305,-0.397920608520508,-0.550275802612305,1.20997905731201,-0.550275802612305,1.3144063949585,-0.550275802612305,1.37305736541748,-0.550275802612305,1.43456935882568,-0.550275802612305,4.23933506011963,-0.550275802612305,4.37905311584473,-0.550275802612305,4.50398445129395,-0.550275802612305,4.021897315979,-0.550275802612305,2.76304244995117,-0.550275802612305,2.76399612426758,-0.550275802612305,2.74396896362305,-0.550275802612305,2.73347854614258,-0.550275802612305,-1.38164043426514,-0.550275802612305,-1.47176265716553,-0.550275802612305,-1.50323390960693,-0.550275802612305,-1.50514125823975
-0.500275611877441,-0.762228965759277,-0.500275611877441,-0.777010917663574,-0.500275611877441,-0.797038078308105,-0.500275611877441,-0.796561241149902,-0.500275611877441,-0.111818313598633,-0.500275611877441,-0.160455703735352,-0.500275611877441,-0.181913375854492,-0.500275611877441,-0.192403793334961,-0.500275611877441,0.232934951782227,-0.500275611877441,0.162363052368164,-0.500275611877441,0.140905380249023,-0.500275611877441,0.128984451293945,-0.500275611877441,0.535726547241211,-0.500275611877441,0.457525253295898,-0.500275611877441,0.42414665222168,-0.500275611877441,0.416994094848633,-0.500275611877441,2.32816696166992,-0.500275611877441,2.40493774414063,-0.500275611877441,2.45262145996094,-0.500275611877441,2.51127243041992,-0.500275611877441,5.4128360748291,-0.500275611877441,5.5353832244873,-0.500275611877441,5.64696788787842,-0.500275611877441,5.23116111755371,-0.500275611877441,3.96467685699463,-0.500275611877441,3.94703388214111,-0.500275611877441,3.9141321182251,-0.500275611877441,3.89553546905518,-0.500275611877441,-0.844721794128418,-0.500275611877441,-0.941996574401855,-0.500275611877441,-0.980143547058105,-0.500275611877441,-0.986342430114746
-0.450353622436523,-0.221967697143555,-0.450353622436523,-0.233888626098633,-0.450353622436523,-0.252008438110352,-0.450353622436523,-0.249147415161133,-0.450353622436523,0.59819221496582,-0.450353622436523,0.545263290405273,-0.450353622436523,0.522375106811523,-0.450353622436523,0.512838363647461,-0.450353622436523,0.975375175476074,-0.450353622436523,0.905280113220215,-0.450353622436523,0.887160301208496,-0.450353622436523,0.878100395202637,-0.450353622436523,1.3153600692749,-0.450353622436523,1.23334407806396,-0.450353622436523,1.20044231414795,-0.450353622436523,1.19567394256592,-0.450353622436523,3.35718631744385,-0.450353622436523,3.40489292144775,-0.450353622436523,3.44160938262939,-0.450353622436523,3.49976062774658,-0.450353622436523,6.3765287399292,-0.450353622436523,6.48715496063232,-0.450353622436523,6.58633708953857,-0.450353622436523,6.2244176864624,-0.450353622436523,5.03851890563965,-0.450353622436523,5.00657081604004,-0.450353622436523,4.96365547180176,-0.450353622436523,4.93838310241699,-0.450353622436523,-0.33259391784668,-0.450353622436523,-0.43177604675293,-0.450353622436523,-0.474214553833008,-0.450353622436523,-0.482320785522461
-0.40035343170166,0.301599502563477,-0.40035343170166,0.292539596557617,-0.40035343170166,0.277280807495117,-0.40035343170166,0.283002853393555,-0.40035343170166,1.2803840637207,-0.40035343170166,1.22335433959961,-0.40035343170166,1.19855880737305,-0.40035343170166,1.19050025939941,-0.40035343170166,1.68798637390137,-0.40035343170166,1.61855840682983,-0.40035343170166,1.60306119918823,-0.40035343170166,1.59733915328979,-0.40035343170166,2.06173229217529,-0.40035343170166,1.97509098052979,-0.40035343170166,1.94199848175049,-0.40035343170166,1.93928050994873,-0.40035343170166,4.29178714752197,-0.40035343170166,4.31589317321777,-0.40035343170166,4.34517097473145,-0.40035343170166,4.40289497375488,-0.40035343170166,7.17142105102539,-0.40035343170166,7.27346420288086,-0.40035343170166,7.36597061157227,-0.40035343170166,7.0359992980957,-0.40035343170166,5.99124431610107,-0.40035343170166,5.9492826461792,-0.40035343170166,5.89826107025146,-0.40035343170166,5.86822032928467,-0.40035343170166,0.15711784362793,-0.40035343170166,0.0598430633544922,-0.40035343170166,0.0169277191162109,-0.40035343170166,0.00786781311035156
-0.350353240966797,0.81041145324707,-0.350353240966797,0.806406021118164,-0.350353240966797,0.794294357299805,-0.350353240966797,0.803354263305664,-0.350353240966797,1.93141269683838,-0.350353240966797,1.86856460571289,-0.350353240966797,1.8422908782959,-0.350353240966797,1.83561515808105,-0.350353240966797,2.36776733398438,-0.350353240966797,2.29833984375,-0.350353240966797,2.28594207763672,-0.350353240966797,2.28389167785645,-0.350353240966797,2.77117347717285,-0.350353240966797,2.68062210083008,-0.350353240966797,2.64695739746094,-0.350353240966797,2.64609909057617,-0.350353240966797,5.1386547088623,-0.350353240966797,5.14859771728516,-0.350353240966797,5.17325019836426,-0.350353240966797,5.2297306060791,-0.350353240966797,7.84519195556641,-0.350353240966797,7.94055938720703,-0.350353240966797,8.02591323852539,-0.350353240966797,7.71978378295898,-0.350353240966797,6.83810710906982,-0.350353240966797,6.79042339324951,-0.350353240966797,6.73463344573975,-0.350353240966797,6.70125484466553,-0.350353240966797,0.628068447113037,-0.350353240966797,0.537373542785645,-0.350353240966797,0.496699333190918,-0.350353240966797,0.488068580627441
-0.300431251525879,1.3017463684082,-0.300431251525879,1.30193710327148,-0.300431251525879,1.29330635070801,-0.300431251525879,1.30532264709473,-0.300431251525879,2.55831241607666,-0.300431251525879,2.48826503753662,-0.300431251525879,2.4605131149292,-0.300431251525879,2.45550632476807,-0.300431251525879,3.02075099945068,-0.300431251525879,2.95213413238525,-0.300431251525879,2.94316959381104,-0.300431251525879,2.94569683074951,-0.300431251525879,3.44823741912842,-0.300431251525879,3.35453796386719,-0.300431251525879,3.32077789306641,-0.300431251525879,3.32139778137207,-0.300431251525879,5.90541362762451,-0.300431251525879,5.9192419052124,-0.300431251525879,5.94069957733154,-0.300431251525879,5.98504543304443,-0.300431251525879,8.43266010284424,-0.300431251525879,8.52182865142822,-0.300431251525879,8.59907627105713,-0.300431251525879,8.31440448760986,-0.300431251525879,7.59199142456055,-0.300431251525879,7.54096984863281,-0.300431251525879,7.48374938964844,-0.300431251525879,7.4479866027832,-0.300431251525879,1.07648801803589,-0.300431251525879,0.996712684631348,-0.300431251525879,0.960806846618652,-0.300431251525879,0.953606605529785
-0.250431060791016,1.77882385253906,-0.250431060791016,1.78578567504883,-0.250431060791016,1.78139877319336,-0.250431060791016,1.79689598083496,-0.250431060791016,3.16847610473633,-0.250431060791016,3.09170436859131,-0.250431060791016,3.06171131134033,-0.250431060791016,3.05746746063232,-0.250431060791016,3.65551948547363,-0.250431060791016,3.58837985992432,-0.250431060791016,3.58313465118408,-0.250431060791016,3.59009647369385,-0.250431060791016,4.10088634490967,-0.250431060791016,4.00437450408936,-0.250431060791016,3.97085285186768,-0.250431060791016,3.97390460968018,-0.250431060791016,6.61733150482178,-0.250431060791016,6.62305355072021,-0.250431060791016,6.63974285125732,-0.250431060791016,6.68361186981201,-0.250431060791016,8.98245334625244,-0.250431060791016,9.06923770904541,-0.250431060791016,9.13980960845947,-0.250431060791016,8.87182712554932,-0.250431060791016,8.26815128326416,-0.250431060791016,8.22189807891846,-0.250431060791016,8.16324710845947,-0.250431060791016,8.12605381011963,-0.250431060791016,1.50855159759521,-0.250431060791016,1.44456005096436,-0.250431060791016,1.41590166091919,-0.250431060791016,1.41079950332642
-0.200430870056152,2.24254989624023,-0.200430870056152,2.25962066650391,-0.200430870056152,2.2586669921875,-0.200430870056152,2.27826499938965,-0.200430870056152,3.76662254333496,-0.200430870056152,3.68436813354492,-0.200430870056152,3.64994049072266,-0.200430870056152,3.64536285400391,-0.200430870056152,4.27483749389648,-0.200430870056152,4.21022605895996,-0.200430870056152,4.20841407775879,-0.200430870056152,4.2185230255127,-0.200430870056152,4.73274612426758,-0.200430870056152,4.63461303710938,-0.200430870056152,4.60132884979248,-0.200430870056152,4.60714626312256,-0.200430870056152,7.27870941162109,-0.200430870056152,7.28395462036133,-0.200430870056152,7.29682922363281,-0.200430870056152,7.33545303344727,-0.200430870056152,9.51556205749512,-0.200430870056152,9.5894718170166,-0.200430870056152,9.65193748474121,-0.200430870056152,9.40350532531738,-0.200430870056152,8.87421131134033,-0.200430870056152,8.8389253616333,-0.200430870056152,8.78504276275635,-0.200430870056152,8.75023365020752,-0.200430870056152,1.9255952835083,-0.200430870056152,1.88353824615479,-0.200430870056152,1.86408233642578,-0.200430870056152,1.86117362976074
-0.150507926940918,2.69836044311523,-0.150507926940918,2.72520637512207,-0.150507926940918,2.73002243041992,-0.150507926940918,2.75448417663574,-0.150507926940918,4.35365867614746,-0.150507926940918,4.26449012756348,-0.150507926940918,4.22796440124512,-0.150507926940918,4.22162246704102,-0.150507926940918,4.88228321075439,-0.150507926940918,4.81905364990234,-0.150507926940918,4.81967353820801,-0.150507926940918,4.83159446716309,-0.150507926940918,5.34653282165527,-0.150507926940918,5.24935340881348,-0.150507926940918,5.21587944030762,-0.150507926940918,5.22365188598633,-0.150507926940918,7.89859771728516,-0.150507926940918,7.91290283203125,-0.150507926940918,7.92577743530273,-0.150507926940918,7.95915603637695,-0.150507926940918,10.0429439544678,-0.150507926940918,10.1206684112549,-0.150507926940918,10.1774120330811,-0.150507926940918,9.92611885070801,-0.150507926940918,9.41637992858887,-0.150507926940918,9.3915843963623,-0.150507926940918,9.34628009796143,-0.150507926940918,9.31862354278564,-0.150507926940918,2.33453178405762,-0.150507926940918,2.31851005554199,-0.150507926940918,2.3100700378418,-0.150507926940918,2.30887794494629
-0.100507736206055,3.15316963195801,-0.100507736206055,3.19351005554199,-0.100507736206055,3.20428657531738,-0.100507736206055,3.23385047912598,-0.100507736206055,4.91833209991455,-0.100507736206055,4.83097457885742,-0.100507736206055,4.7933521270752,-0.100507736206055,4.78653335571289,-0.100507736206055,5.47275257110596,-0.100507736206055,5.41104984283447,-0.100507736206055,5.41143131256104,-0.100507736206055,5.42311382293701,-0.100507736206055,5.94260692596436,-0.100507736206055,5.85057735443115,-0.100507736206055,5.81767559051514,-0.100507736206055,5.82578182220459,-0.100507736206055,8.46651554107666,-0.100507736206055,8.50132465362549,-0.100507736206055,8.52135181427002,-0.100507736206055,8.55616092681885,-0.100507736206055,10.5169200897217,-0.100507736206055,10.6046581268311,-0.100507736206055,10.6656980514526,-0.100507736206055,10.3910350799561,-0.100507736206055,9.90609169006348,-0.100507736206055,9.87557411193848,-0.100507736206055,9.83742713928223,-0.100507736206055,9.81549263000488,-0.100507736206055,2.73727035522461,-0.100507736206055,2.75214767456055,-0.100507736206055,2.75577163696289,-0.100507736206055,2.75629615783691
-0.0505075454711914,3.61775302886963,-0.0505075454711914,3.67669105529785,-0.0505075454711914,3.6932373046875,-0.0505075454711914,3.72580528259277,-0.0505075454711914,5.43822956085205,-0.0505075454711914,5.36803817749023,-0.0505075454711914,5.3348503112793,-0.0505075454711914,5.33408737182617,-0.0505075454711914,6.02891445159912,-0.0505075454711914,5.97884654998779,-0.0505075454711914,5.97884654998779,-0.0505075454711914,5.98838329315186,-0.0505075454711914,6.49430751800537,-0.0505075454711914,6.41324520111084,-0.0505075454711914,6.38463497161865,-0.0505075454711914,6.3922643661499,-0.0505075454711914,8.98006916046143,-0.0505075454711914,9.0372896194458,-0.0505075454711914,9.07209873199463,-0.0505075454711914,9.11644458770752,-0.0505075454711914,10.9112691879272,-0.0505075454711914,11.0147428512573,-0.0505075454711914,11.0834074020386,-0.0505075454711914,10.7810926437378,-0.0505075454711914,10.3590869903564,-0.0505075454711914,10.3118801116943,-0.0505075454711914,10.2699184417725,-0.0505075454711914,10.2503681182861,-0.0505075454711914,3.11769199371338,-0.0505075454711914,3.17562866210938,-0.0505075454711914,3.19384384155273,-0.0505075454711914,3.2003288269043
-0.000585556030273438,4.08920383453369,-0.000585556030273438,4.16263771057129,-0.000585556030273438,4.18366622924805,-0.000585556030273438,4.21637725830078,-0.000585556030273438,5.91781139373779,-0.000585556030273438,5.85296154022217,-0.000585556030273438,5.82530498504639,-0.000585556030273438,5.83531856536865,-0.000585556030273438,6.49240016937256,-0.000585556030273438,6.45854473114014,-0.000585556030273438,6.46426677703857,-0.000585556030273438,6.47237300872803,-0.000585556030273438,7.00691223144531,-0.000585556030273438,6.93300247192383,-0.000585556030273438,6.91154479980469,-0.000585556030273438,6.91917419433594,-0.000585556030273438,9.43879127502441,-0.000585556030273438,9.4974422454834,-0.000585556030273438,9.54703330993652,-0.000585556030273438,9.59900856018066,-0.000585556030273438,11.2002325057983,-0.000585556030273438,11.3118124008179,-0.000585556030273438,11.389536857605,-0.000585556030273438,11.0605192184448,-0.000585556030273438,10.7496213912964,-0.000585556030273438,10.6914472579956,-0.000585556030273438,10.6380414962769,-0.000585556030273438,10.6161022186279,-0.000585556030273438,3.45720195770264,-0.000585556030273438,3.54918384552002,-0.000585556030273438,3.58404064178467,-0.000585556030273438,3.60511684417725
0.0494146347045898,4.513352394104,0.0494146347045898,4.57834529876709,0.0494146347045898,4.6008996963501,0.0494146347045898,4.63833236694336,0.0494146347045898,6.36603832244873,0.0494146347045898,6.28116130828857,0.0494146347045898,6.24587535858154,0.0494146347045898,6.25922679901123,0.0494146347045898,6.90868377685547,0.0494146347045898,6.87386989593506,0.0494146347045898,6.87768936157227,0.0494146347045898,6.8824577331543,0.0494146347045898,7.46086120605469,0.0494146347045898,7.386474609375,0.0494146347045898,7.36597061157227,0.0494146347045898,7.37407684326172,0.0494146347045898,9.84744071960449,0.0494146347045898,9.89321708679199,0.0494146347045898,9.93803977966309,0.0494146347045898,9.98953819274902,0.0494146347045898,11.3537740707397,0.0494146347045898,11.4777517318726,0.0494146347045898,11.5707349777222,0.0494146347045898,11.204047203064,0.0494146347045898,11.0371541976929,0.0494146347045898,10.9832715988159,0.0494146347045898,10.9327268600464,0.0494146347045898,10.9103155136108,0.0494146347045898,3.75203132629395,0.0494146347045898,3.86361122131348,0.0494146347045898,3.91100978851318,0.0494146347045898,3.94262409210205
0.0993366241455078,4.8696460723877,0.0993366241455078,4.92252826690674,0.0993366241455078,4.94274616241455,0.0993366241455078,4.98294353485107,0.0993366241455078,6.80282115936279,0.0993366241455078,6.6969633102417,0.0993366241455078,6.650710105896,0.0993366241455078,6.66406154632568,0.0993366241455078,7.31161117553711,0.0993366241455078,7.27632522583008,0.0993366241455078,7.27489471435547,0.0993366241455078,7.27632522583008,0.0993366241455078,7.8752326965332,0.0993366241455078,7.79321670532227,0.0993366241455078,7.76651382446289,0.0993366241455078,7.7679443359375,0.0993366241455078,10.1888561248779,0.0993366241455078,10.2260494232178,0.0993366241455078,10.2670574188232,0.0993366241455078,10.3147411346436,0.0993366241455078,11.4086103439331,0.0993366241455078,11.5478467941284,0.0993366241455078,11.6513204574585,0.0993366241455078,11.2479162216187,0.0993366241455078,11.2102460861206,0.0993366241455078,11.1811590194702,0.0993366241455078,11.1434888839722,0.0993366241455078,11.1325216293335,0.0993366241455078,4.0263090133667,0.0993366241455078,4.15243339538574,0.0993366241455078,4.20998764038086,0.0993366241455078,4.24651336669922
0.149336814880371,5.21530723571777,0.149336814880371,5.26518440246582,0.149336814880371,5.28397178649902,0.149336814880371,5.32483673095703,0.149336814880371,7.2186279296875,0.149336814880371,7.10037231445313,0.149336814880371,7.04458236694336,0.149336814880371,7.05602645874023,0.149336814880371,7.68211364746094,0.149336814880371,7.65064239501953,0.149336814880371,7.64205932617188,0.149336814880371,7.64348983764648,0.149336814880371,8.25241565704346,0.149336814880371,8.16658496856689,0.149336814880371,8.13797473907471,0.149336814880371,8.13177585601807,0.149336814880371,10.4177379608154,0.149336814880371,10.4654216766357,0.149336814880371,10.5092906951904,0.149336814880371,10.5626964569092,0.149336814880371,11.4133787155151,0.149336814880371,11.5449857711792,0.149336814880371,11.6498899459839,0.149336814880371,11.2617444992065,0.149336814880371,11.2736654281616,0.149336814880371,11.2727117538452,0.149336814880371,11.2593603134155,0.149336814880371,11.2636518478394,0.149336814880371,4.29238510131836,0.149336814880371,4.4332914352417,0.149336814880371,4.50047779083252,0.149336814880371,4.54310703277588
0.199337005615234,5.57114601135254,0.199337005615234,5.62169075012207,0.199337005615234,5.63838481903076,0.199337005615234,5.68273067474365,0.199337005615234,7.60534286499023,0.199337005615234,7.47945785522461,0.199337005615234,7.41413116455078,0.199337005615234,7.42128372192383,0.199337005615234,8.00350189208984,0.199337005615234,7.97632217407227,0.199337005615234,7.9667854309082,0.199337005615234,7.96535491943359,0.199337005615234,8.57809543609619,0.199337005615234,8.49750995635986,0.199337005615234,8.46603870391846,0.199337005615234,8.45077991485596,0.199337005615234,10.5417156219482,0.199337005615234,10.6008434295654,0.199337005615234,10.659499168396,0.199337005615234,10.7167196273804,0.199337005615234,11.4357900619507,0.199337005615234,11.5473699569702,0.199337005615234,11.6417837142944,0.199337005615234,11.3022756576538,0.199337005615234,11.3022756576538,0.199337005615234,11.2984609603882,0.199337005615234,11.3037061691284,0.199337005615234,11.3184881210327,0.199337005615234,4.55140399932861,0.199337005615234,4.71057319641113,0.199337005615234,4.79049110412598,0.199337005615234,4.83850860595703
0.249258995056152,5.91733455657959,0.249258995056152,5.96883296966553,0.249258995056152,5.98218441009521,0.249258995056152,6.02939128875732,0.249258995056152,7.93292999267578,0.249258995056152,7.81038284301758,0.249258995056152,7.74410247802734,0.249258995056152,7.74505615234375,0.249258995056152,8.24907779693604,0.249258995056152,8.23381900787354,0.249258995056152,8.22952747344971,0.249258995056152,8.2280969619751,0.249258995056152,8.83272647857666,0.249258995056152,8.76501560211182,0.249258995056152,8.72782230377197,0.249258995056152,8.70779514312744,0.249258995056152,10.6227779388428,0.249258995056152,10.6742811203003,0.249258995056152,10.7343626022339,0.249258995056152,10.7911062240601,0.249258995056152,11.4977788925171,0.249258995056152,11.5907621383667,0.249258995056152,11.6661024093628,0.249258995056152,11.3804769515991,0.249258995056152,11.3475751876831,0.249258995056152,11.3165807723999,0.249258995056152,11.3199186325073,0.249258995056152,11.3327932357788,0.249258995056152,4.80408096313477,0.249258995056152,4.97750759124756,0.249258995056152,5.0696325302124,0.249258995056152,5.12566184997559
0.299259185791016,6.24682903289795,0.299259185791016,6.2997579574585,0.299259185791016,6.30977153778076,0.299259185791016,6.36413097381592,0.299259185791016,8.17707538604736,0.299259185791016,8.06978225708008,0.299259185791016,8.01017761230469,0.299259185791016,8.00827026367188,0.299259185791016,8.41310977935791,0.299259185791016,8.41454029083252,0.299259185791016,8.41883182525635,0.299259185791016,8.41787815093994,0.299259185791016,9.00820255279541,0.299259185791016,8.95145893096924,0.299259185791016,8.91092777252197,0.299259185791016,8.89090061187744,0.299259185791016,10.7148122787476,0.299259185791016,10.7419919967651,0.299259185791016,10.7906293869019,0.299259185791016,10.8373594284058,0.299259185791016,11.5955305099487,0.299259185791016,11.6775465011597,0.299259185791016,11.7409658432007,0.299259185791016,11.4863348007202,0.299259185791016,11.4353132247925,0.299259185791016,11.3647413253784,0.299259185791016,11.3494825363159,0.299259185791016,11.3509130477905,0.299259185791016,5.04402637481689,0.299259185791016,5.22884941101074,0.299259185791016,5.33368110656738,0.299259185791016,5.40043830871582
0.349259376525879,6.53913021087646,0.349259376525879,6.59587383270264,0.349259376525879,6.61160945892334,0.349259376525879,6.67073726654053,0.349259376525879,8.34682941436768,0.349259376525879,8.24955463409424,0.349259376525879,8.19710254669189,0.349259376525879,8.20187091827393,0.349259376525879,8.53136539459229,0.349259376525879,8.53708744049072,0.349259376525879,8.54662418365479,0.349259376525879,8.54805469512939,0.349259376525879,9.13265705108643,0.349259376525879,9.07400608062744,0.349259376525879,9.03061389923096,0.349259376525879,9.01058673858643,0.349259376525879,10.814471244812,0.349259376525879,10.8287763595581,0.349259376525879,10.8616781234741,0.349259376525879,10.8936262130737,0.349259376525879,11.7257070541382,0.349259376525879,11.8029546737671,0.349259376525879,11.8554067611694,0.349259376525879,11.6155576705933,0.349259376525879,11.5578603744507,0.349259376525879,11.452956199646,0.349259376525879,11.4138555526733,0.349259376525879,11.399073600769,0.349259376525879,5.27359962463379,0.349259376525879,5.46576499938965,0.349259376525879,5.57305335998535,0.349259376525879,5.64744472503662
0.399181365966797,6.77659511566162,0.399181365966797,6.83953762054443,0.399181365966797,6.86814785003662,0.399181365966797,6.93920135498047,0.399181365966797,8.47652912139893,0.399181365966797,8.37782382965088,0.399181365966797,8.32251071929932,0.399181365966797,8.3349084854126,0.399181365966797,8.6400842666626,0.399181365966797,8.63579273223877,0.399181365966797,8.64389896392822,0.399181365966797,8.64294528961182,0.399181365966797,9.24519062042236,0.399181365966797,9.1741418838501,0.399181365966797,9.12168979644775,0.399181365966797,9.09975528717041,0.399181365966797,10.9117460250854,0.399181365966797,10.9250974655151,0.399181365966797,10.9436941146851,0.399181365966797,10.9632444381714,0.399181365966797,11.8706655502319,0.399181365966797,11.9483947753906,0.399181365966797,11.9932174682617,0.399181365966797,11.7547941207886,0.399181365966797,11.697096824646,0.399181365966797,11.5650129318237,0.399181365966797,11.5035009384155,0.399181365966797,11.4748907089233,0.399181365966797,5.47530174255371,0.399181365966797,5.67319393157959,0.399181365966797,5.78715801239014,0.399181365966797,5.86726665496826
0.44918155670166,6.96685791015625,0.44918155670166,7.03790664672852,0.44918155670166,7.081298828125,0.44918155670166,7.15950012207031,0.44918155670166,8.60575199127197,0.44918155670166,8.49464893341064,0.44918155670166,8.43122959136963,0.44918155670166,8.44601154327393,0.44918155670166,8.76978397369385,0.44918155670166,8.75023365020752,0.44918155670166,8.74975681304932,0.44918155670166,8.74403476715088,0.44918155670166,9.37918663024902,0.44918155670166,9.29049015045166,0.44918155670166,9.22564029693604,0.44918155670166,9.20179843902588,0.44918155670166,11.020941734314,0.44918155670166,11.0385847091675,0.44918155670166,11.0481214523315,0.44918155670166,11.0576581954956,0.44918155670166,12.0604515075684,0.44918155670166,12.1372222900391,0.44918155670166,12.1787071228027,0.44918155670166,11.9359970092773,0.44918155670166,11.8658971786499,0.44918155670166,11.7085409164429,0.44918155670166,11.6274785995483,0.44918155670166,11.5855169296265,0.44918155670166,5.65221309661865,0.44918155670166,5.85582256317139,0.44918155670166,5.97598552703857,0.44918155670166,6.06849193572998
0.499181747436523,7.13613510131836,0.499181747436523,7.21481323242188,0.499181747436523,7.26583480834961,0.499181747436523,7.34498977661133,0.499181747436523,8.74880313873291,0.499181747436523,8.62148761749268,0.499181747436523,8.5485315322876,0.499181747436523,8.56188297271729,0.499181747436523,8.92570972442627,0.499181747436523,8.88565540313721,0.499181747436523,8.87802600860596,0.499181747436523,8.86610507965088,0.499181747436523,9.53654289245605,0.499181747436523,9.43211555480957,0.499181747436523,9.35390949249268,0.499181747436523,9.32816028594971,0.499181747436523,11.1334753036499,0.499181747436523,11.1558866500854,0.499181747436523,11.1620855331421,0.499181747436523,11.1668539047241,0.499181747436523,12.2898101806641,0.499181747436523,12.3641967773438,0.499181747436523,12.399959564209,0.499181747436523,12.1601104736328,0.499181747436523,12.0547294616699,0.499181747436523,11.8725728988647,0.499181747436523,11.7733907699585,0.499181747436523,11.7171239852905,0.499181747436523,5.80480098724365,0.499181747436523,6.0103178024292,0.499181747436523,6.13477230072021,0.499181747436523,6.23395442962646
0.549103736877441,7.30445861816406,0.549103736877441,7.38885879516602,0.549103736877441,7.44131088256836,0.549103736877441,7.52141952514648,0.549103736877441,8.90806674957275,0.549103736877441,8.76549243927002,0.549103736877441,8.6863374710083,0.549103736877441,8.69825839996338,0.549103736877441,9.10261631011963,0.549103736877441,9.04921054840088,0.549103736877441,9.03156757354736,0.549103736877441,9.01249408721924,0.549103736877441,9.71297264099121,0.549103736877441,9.59805488586426,0.549103736877441,9.51031684875488,0.549103736877441,9.47884559631348,0.549103736877441,11.2493467330933,0.549103736877441,11.2808179855347,0.549103736877441,11.2855863571167,0.549103736877441,11.2865400314331,0.549103736877441,12.5778198242188,0.549103736877441,12.6469612121582,0.549103736877441,12.6741409301758,0.549103736877441,12.4466896057129,0.549103736877441,12.2716903686523,0.549103736877441,12.0647430419922,0.549103736877441,11.9455337524414,0.549103736877441,11.8720960617065,0.549103736877441,5.93783855438232,0.549103736877441,6.13811016082764,0.549103736877441,6.26876354217529,0.549103736877441,6.37128353118896
0.599103927612305,7.47993469238281,0.599103927612305,7.56433486938477,0.599103927612305,7.61917114257813,0.599103927612305,7.69546508789063,0.599103927612305,9.08068180084229,0.599103927612305,8.92523288726807,0.599103927612305,8.84512424468994,0.599103927612305,8.85513782501221,0.599103927612305,9.29096698760986,0.599103927612305,9.22850131988525,0.599103927612305,9.20370578765869,0.599103927612305,9.17843341827393,0.599103927612305,9.89941596984863,0.599103927612305,9.78020668029785,0.599103927612305,9.68722343444824,0.599103927612305,9.64859962463379,0.599103927612305,11.3752317428589,0.599103927612305,11.4124250411987,0.599103927612305,11.4186239242554,0.599103927612305,11.4162397384644,0.599103927612305,12.9416465759277,0.599103927612305,13.0007743835449,0.599103927612305,13.0160331726074,0.599103927612305,12.8190994262695,0.599103927612305,12.5215530395508,0.599103927612305,12.2888565063477,0.599103927612305,12.1486663818359,0.599103927612305,12.0542526245117,0.599103927612305,6.06420040130615,0.599103927612305,6.24730587005615,0.599103927612305,6.37986660003662,0.599103927612305,6.4838171005249
0.649104118347168,7.67114639282227,0.649104118347168,7.74744033813477,0.649104118347168,7.80466079711914,0.649104118347168,7.87761688232422,0.649104118347168,9.26712512969971,0.649104118347168,9.10166263580322,0.649104118347168,9.02298450469971,0.649104118347168,9.03204441070557,0.649104118347168,9.49410438537598,0.649104118347168,9.42543983459473,0.649104118347168,9.39635276794434,0.649104118347168,9.36630725860596,0.649104118347168,10.0958728790283,0.649104118347168,9.97809410095215,0.649104118347168,9.88463401794434,0.649104118347168,9.84028816223145,0.649104118347168,11.5325880050659,0.649104118347168,11.5731191635132,0.649104118347168,11.5783643722534,0.649104118347168,11.575026512146,0.649104118347168,13.4261178970337,0.649104118347168,13.469033241272,0.649104118347168,13.4676027297974,0.649104118347168,13.3245515823364,0.649104118347168,12.827205657959,0.649104118347168,12.5649452209473,0.649104118347168,12.4009132385254,0.649104118347168,12.2836112976074,0.649104118347168,6.19151592254639,0.649104118347168,6.35268688201904,0.649104118347168,6.47666454315186,0.649104118347168,6.59253597259521
0.699026107788086,7.85520553588867,0.699026107788086,7.93722152709961,0.699026107788086,7.99587249755859,0.699026107788086,8.06596755981445,0.699026107788086,9.46406364440918,0.699026107788086,9.29192066192627,0.699026107788086,9.21610355377197,0.699026107788086,9.22611713409424,0.699026107788086,9.70963478088379,0.699026107788086,9.63667869567871,0.699026107788086,9.6042537689209,0.699026107788086,9.57135200500488,0.699026107788086,10.3013896942139,0.699026107788086,10.1883792877197,0.699026107788086,10.0982570648193,0.699026107788086,10.0510501861572,0.699026107788086,11.7309522628784,0.699026107788086,11.7714834213257,0.699026107788086,11.7757749557495,0.699026107788086,11.7714834213257,0.699026107788086,14.0598344802856,0.699026107788086,14.0779542922974,0.699026107788086,14.0522050857544,0.699026107788086,13.9906930923462,0.699026107788086,13.20152759552,0.699026107788086,12.9015922546387,0.699026107788086,12.709903717041,0.699026107788086,12.5668525695801,0.699026107788086,6.3312292098999,0.699026107788086,6.46235942840576,0.699026107788086,6.57298564910889,0.699026107788086,6.70077800750732
0.749026298522949,8.05023193359375,0.749026298522949,8.13034534454346,0.749026298522949,8.19185733795166,0.749026298522949,8.2590913772583,0.749026298522949,9.67339515686035,0.749026298522949,9.4969654083252,0.749026298522949,9.42305564880371,0.749026298522949,9.43402290344238,0.749026298522949,9.93708610534668,0.749026298522949,9.86031532287598,0.749026298522949,9.82502937316895,0.749026298522949,9.79117393493652,0.749026298522949,10.5188274383545,0.749026298522949,10.4115390777588,0.749026298522949,10.3261852264404,0.749026298522949,10.2789783477783,0.749026298522949,11.9922637939453,0.749026298522949,12.0223045349121,0.749026298522949,12.0237350463867,0.749026298522949,12.0180130004883,0.749026298522949,14.8671245574951,0.749026298522949,14.8485279083252,0.749026298522949,14.7903537750244,0.749026298522949,14.8404216766357,0.749026298522949,13.659291267395,0.749026298522949,13.3202600479126,0.749026298522949,13.0875587463379,0.749026298522949,12.9144668579102,0.749026298522949,6.48763179779053,0.749026298522949,6.58395290374756,0.749026298522949,6.68456554412842,0.749026298522949,6.81331157684326
0.799026489257813,8.25479984283447,0.799026489257813,8.33300113677979,0.799026489257813,8.39546680450439,0.799026489257813,8.457932472229,0.799026489257813,9.90180015563965,0.799026489257813,9.72250938415527,0.799026489257813,9.64859962463379,0.799026489257813,9.66052055358887,0.799026489257813,10.1831340789795,0.799026489257813,10.104455947876,0.799026489257813,10.0663089752197,0.799026489257813,10.0305461883545,0.799026489257813,10.758204460144,0.799026489257813,10.6561613082886,0.799026489257813,10.5774784088135,0.799026489257813,10.5297946929932,0.799026489257813,12.3575210571289,0.799026489257813,12.3589515686035,0.799026489257813,12.3513221740723,0.799026489257813,12.34130859375,0.799026489257813,15.884222984314,0.799026489257813,15.8184194564819,0.799026489257813,15.7149457931519,0.799026489257813,15.9118795394897,0.799026489257813,14.231972694397,0.799026489257813,13.8395357131958,0.799026489257813,13.5591554641724,0.799026489257813,13.349347114563,0.799026489257813,6.66501522064209,0.799026489257813,6.72414302825928,0.799026489257813,6.81188106536865,0.799026489257813,6.93824768066406
0.84894847869873,8.46842288970947,0.84894847869873,8.54137897491455,0.84894847869873,8.60050678253174,0.84894847869873,8.66154193878174,0.84894847869873,10.1492786407471,0.84894847869873,9.96855735778809,0.84894847869873,9.8951244354248,0.84894847869873,9.90704536437988,0.84894847869873,10.447301864624,0.84894847869873,10.3686237335205,0.84894847869873,10.3280925750732,0.84894847869873,10.289945602417,0.84894847869873,11.0228490829468,0.84894847869873,10.9260511398315,0.84894847869873,10.8535718917847,0.84894847869873,10.8054113388062,0.84894847869873,12.8491401672363,0.84894847869873,12.8076553344727,0.84894847869873,12.7814292907715,0.84894847869873,12.7647399902344,0.84894847869873,17.1282958984375,0.84894847869873,17.0009803771973,0.84894847869873,16.8398056030273,0.84894847869873,17.2165107727051,0.84894847869873,14.9324512481689,0.84894847869873,14.4737339019775,0.84894847869873,14.1385126113892,0.84894847869873,13.8896036148071,0.84894847869873,6.86337947845459,0.84894847869873,6.8834114074707,0.84894847869873,6.95636749267578,0.84894847869873,7.07748413085938
0.898948669433594,8.702073097229,0.898948669433594,8.76549243927002,0.898948669433594,8.81937503814697,0.898948669433594,8.87850284576416,0.898948669433594,10.4272747039795,0.898948669433594,10.2436923980713,0.898948669433594,10.1707363128662,0.898948669433594,10.1831340789795,0.898948669433594,10.746283531189,0.898948669433594,10.666651725769,0.898948669433594,10.6223011016846,0.898948669433594,10.5827236175537,0.898948669433594,11.330885887146,0.898948669433594,11.2383794784546,0.898948669433594,11.1725759506226,0.898948669433594,11.1239385604858,0.898948669433594,13.5148096084595,0.898948669433594,13.4170579910278,0.898948669433594,13.3607912063599,0.898948669433594,13.3307504653931,0.898948669433594,18.6570358276367,0.898948669433594,18.4519958496094,0.898948669433594,18.2121467590332,0.898948669433594,18.8139247894287,0.898948669433594,15.7988691329956,0.898948669433594,15.2648067474365,0.898948669433594,14.8680782318115,0.898948669433594,14.5762538909912,0.898948669433594,7.08415985107422,0.898948669433594,7.06413269042969,0.898948669433594,7.12278366088867,0.898948669433594,7.23674774169922
0.948948860168457,8.93381595611572,0.948948860168457,9.00200366973877,0.948948860168457,9.0530252456665,0.948948860168457,9.10929203033447,0.948948860168457,10.7443761825562,0.948948860168457,10.5555438995361,0.948948860168457,10.4811573028564,0.948948860168457,10.4945087432861,0.948948860168457,11.086745262146,0.948948860168457,11.0056829452515,0.948948860168457,10.9589529037476,0.948948860168457,10.9155607223511,0.948948860168457,11.6908979415894,0.948948860168457,11.605544090271,0.948948860168457,11.5440320968628,0.948948860168457,11.4958715438843,0.948948860168457,14.3778896331787,0.948948860168457,14.2162370681763,0.948948860168457,14.1175317764282,0.948948860168457,14.0665102005005,0.948948860168457,20.4895305633545,0.948948860168457,20.1895999908447,0.948948860168457,19.8519992828369,0.948948860168457,20.7250881195068,0.948948860168457,16.8493423461914,0.948948860168457,16.2389907836914,0.948948860168457,15.7793188095093,0.948948860168457,15.4421901702881,0.948948860168457,7.33068466186523,0.948948860168457,7.26869583129883,0.948948860168457,7.3097038269043,0.948948860168457,7.41508483886719
0.998870849609375,9.21276569366455,0.998870849609375,9.26140308380127,0.998870849609375,9.30813312530518,0.998870849609375,9.35963153839111,0.998870849609375,11.1105871200562,0.998870849609375,10.9146070480347,0.998870849609375,10.8364057540894,0.998870849609375,10.8507108688354,0.998870849609375,11.4815664291382,0.998870849609375,11.3995504379272,0.998870849609375,11.3494825363159,0.998870849609375,11.3008451461792,0.998870849609375,12.1176719665527,0.998870849609375,12.040901184082,0.998870849609375,11.9832038879395,0.998870849609375,11.9369506835938,0.998870849609375,15.4455280303955,0.998870849609375,15.2218914031982,0.998870849609375,15.0759792327881,0.998870849609375,14.99587059021,0.998870849609375,22.6362609863281,0.998870849609375,22.2185516357422,0.998870849609375,21.7569732666016,0.998870849609375,22.9662322998047,0.998870849609375,18.1115341186523,0.998870849609375,17.4320411682129,0.998870849609375,16.9084739685059,0.998870849609375,16.5188941955566,0.998870849609375,7.60486602783203,0.998870849609375,7.49853134155273,0.998870849609375,7.52046585083008,0.998870849609375,7.61440277099609
0.948948860168457,7.96964645385742,0.948948860168457,7.95820236206055,0.948948860168457,7.95629501342773,0.948948860168457,7.96154022216797,0.948948860168457,9.17366504669189,0.948948860168457,9.007248878479,0.948948860168457,8.92714023590088,0.948948860168457,8.91188144683838,0.948948860168457,9.43402290344238,0.948948860168457,9.31766986846924,0.948948860168457,9.24137592315674,0.948948860168457,9.16985034942627,0.948948860168457,9.82645988464355,0.948948860168457,9.71535682678223,0.948948860168457,9.62571144104004,0.948948860168457,9.55037117004395,0.948948860168457,11.8081998825073,0.948948860168457,11.6451215744019,0.948948860168457,11.5402173995972,0.948948860168457,11.4758443832397,0.948948860168457,16.7148742675781,0.948948860168457,16.3415107727051,0.948948860168457,15.9257078170776,0.948948860168457,16.9504356384277,0.948948860168457,13.8805437088013,0.948948860168457,13.325982093811,0.948948860168457,12.890625,0.948948860168457,12.5511169433594,0.948948860168457,6.79805278778076,0.948948860168457,6.6359281539917,0.948948860168457,6.61351680755615,0.948948860168457,6.65833950042725
0.898948669433594,6.8347692489624,0.898948669433594,6.77182674407959,0.898948669433594,6.73224925994873,0.898948669433594,6.69982433319092,0.898948669433594,7.45370864868164,0.898948669433594,7.31733322143555,0.898948669433594,7.23913192749023,0.898948669433594,7.20432281494141,0.898948669433594,7.61201858520508,0.898948669433594,7.47707366943359,0.898948669433594,7.3869514465332,0.898948669433594,7.30255126953125,0.898948669433594,7.80036926269531,0.898948669433594,7.67114639282227,0.898948669433594,7.56385803222656,0.898948669433594,7.47182846069336,0.898948669433594,8.75214099884033,0.898948669433594,8.64294528961182,0.898948669433594,8.57380390167236,0.898948669433594,8.52707386016846,0.898948669433594,11.8234586715698,0.898948669433594,11.5216207504272,0.898948669433594,11.178297996521,0.898948669433594,11.9736671447754,0.898948669433594,10.3080654144287,0.898948669433594,9.87128257751465,0.898948669433594,9.52319145202637,0.898948669433594,9.24089908599854,0.898948669433594,6.06324672698975,0.898948669433594,5.857253074646,0.898948669433594,5.79764842987061,0.898948669433594,5.79955577850342
0.84894847869873,5.76045513153076,0.84894847869873,5.66079616546631,0.84894847869873,5.59212684631348,0.84894847869873,5.53109169006348,0.84894847869873,5.8887243270874,0.84894847869873,5.78048229217529,0.84894847869873,5.70752620697021,0.84894847869873,5.6588888168335,0.84894847869873,5.95357418060303,0.84894847869873,5.80909252166748,0.84894847869873,5.71038722991943,0.84894847869873,5.62073707580566,0.84894847869873,5.96597194671631,0.84894847869873,5.8272123336792,0.84894847869873,5.71086406707764,0.84894847869873,5.6112003326416,0.84894847869873,6.1023473739624,0.84894847869873,6.03368282318115,0.84894847869873,5.99362850189209,0.84894847869873,5.96215724945068,0.84894847869873,7.65779495239258,0.84894847869873,7.43415832519531,0.84894847869873,7.1723747253418,0.84894847869873,7.74744033813477,0.84894847869873,7.1881103515625,0.84894847869873,6.85670375823975,0.84894847869873,6.589674949646,0.84894847869873,6.36842250823975,0.84894847869873,5.3665828704834,0.84894847869873,5.12578010559082,0.84894847869873,5.03232002258301,0.84894847869873,4.99608039855957
0.799026489257813,4.74383354187012,0.799026489257813,4.61651802062988,0.799026489257813,4.5268726348877,0.799026489257813,4.44437980651855,0.799026489257813,4.46011543273926,0.799026489257813,4.37666893005371,0.799026489257813,4.30943012237549,0.799026489257813,4.25173282623291,0.799026489257813,4.4353199005127,0.799026489257813,4.28892612457275,0.799026489257813,4.18688297271729,0.799026489257813,4.09485340118408,0.799026489257813,4.2960786819458,0.799026489257813,4.15541172027588,0.799026489257813,4.0362024307251,0.799026489257813,3.93368244171143,0.799026489257813,3.78967761993408,0.799026489257813,3.75582218170166,0.799026489257813,3.73960971832275,0.799026489257813,3.72053623199463,0.799026489257813,4.15684223175049,0.799026489257813,3.99900913238525,0.799026489257813,3.81304264068604,0.799026489257813,4.22169208526611,0.799026489257813,4.4667911529541,0.799026489257813,4.22264575958252,0.799026489257813,4.02571201324463,0.799026489257813,3.86024951934814,0.799026489257813,4.69853401184082,0.799026489257813,4.42530632019043,0.799026489257813,4.30084705352783,0.799026489257813,4.23027515411377
0.749026298522949,3.78061771392822,0.749026298522949,3.63089084625244,0.749026298522949,3.52455615997314,0.749026298522949,3.4263277053833,0.749026298522949,3.14880847930908,0.749026298522949,3.0872917175293,0.749026298522949,3.02768707275391,0.749026298522949,2.96283721923828,0.749026298522949,3.04008483886719,0.749026298522949,2.89417266845703,0.749026298522949,2.79212951660156,0.749026298522949,2.70153045654297,0.749026298522949,2.7678108215332,0.749026298522949,2.6300048828125,0.749026298522949,2.51317977905273,0.749026298522949,2.41161346435547,0.749026298522949,1.77646160125732,0.749026298522949,1.77121639251709,0.749026298522949,1.7731237411499,0.749026298522949,1.76167964935303,0.749026298522949,1.28722667694092,0.749026298522949,1.17183208465576,0.749026298522949,1.04499340057373,0.749026298522949,1.35779857635498,0.749026298522949,2.11025238037109,0.749026298522949,1.93620681762695,0.749026298522949,1.79648876190186,0.749026298522949,1.67680263519287,0.749026298522949,4.04907703399658,0.749026298522949,3.74342441558838,0.749026298522949,3.59322071075439,0.749026298522949,3.49594593048096
0.699026107788086,2.87128448486328,0.699026107788086,2.70343780517578,0.699026107788086,2.5847053527832,0.699026107788086,2.47550964355469,0.699026107788086,1.95146560668945,0.699026107788086,1.90902709960938,0.699026107788086,1.85513973236084,0.699026107788086,1.78552150726318,0.699026107788086,1.76263332366943,0.699026107788086,1.62148952484131,0.699026107788086,1.52135372161865,0.699026107788086,1.43409252166748,0.699026107788086,1.37734889984131,0.699026107788086,1.24526500701904,0.699026107788086,1.13559246063232,0.699026107788086,1.03831768035889,0.699026107788086,0.0469684600830078,0.699026107788086,0.0641345977783203,0.699026107788086,0.0784397125244141,0.699026107788086,0.0731945037841797,0.699026107788086,-0.968222618103027,0.699026107788086,-1.06263637542725,0.699026107788086,-1.15228176116943,0.699026107788086,-0.88620662689209,0.699026107788086,0.10991096496582,0.699026107788086,-0.00977516174316406,0.699026107788086,-0.102758407592773,0.699026107788086,-0.185251235961914,0.699026107788086,3.4110689163208,0.699026107788086,3.08443069458008,0.699026107788086,2.91419982910156,0.699026107788086,2.79403686523438
0.649104118347168,2.01154708862305,0.649104118347168,1.82986736297607,0.649104118347168,1.70255184173584,0.649104118347168,1.58524990081787,0.649104118347168,0.859980583190918,0.649104118347168,0.833277702331543,0.649104118347168,0.784640312194824,0.649104118347168,0.711684226989746,0.649104118347168,0.594854354858398,0.649104118347168,0.460386276245117,0.649104118347168,0.364065170288086,0.649104118347168,0.282526016235352,0.649104118347168,0.11754035949707,0.649104118347168,-0.00596046447753906,0.649104118347168,-0.106573104858398,0.649104118347168,-0.198125839233398,0.649104118347168,-1.42550945281982,0.649104118347168,-1.39499187469482,0.649104118347168,-1.37353420257568,0.649104118347168,-1.3754415512085,0.649104118347168,-2.70153045654297,0.649104118347168,-2.78068542480469,0.649104118347168,-2.84648895263672,0.649104118347168,-2.61665344238281,0.649104118347168,-1.56760692596436,0.649104118347168,-1.64199352264404,0.649104118347168,-1.69969081878662,0.649104118347168,-1.75357341766357,0.649104118347168,2.78783798217773,0.649104118347168,2.45071411132813,0.649104118347168,2.2637939453125,0.649104118347168,2.12265014648438
0.599103927612305,1.20330333709717,0.599103927612305,1.01256847381592,0.599103927612305,0.879054069519043,0.599103927612305,0.756983757019043,0.599103927612305,-0.128984451293945,0.599103927612305,-0.142812728881836,0.599103927612305,-0.186681747436523,0.599103927612305,-0.262975692749023,0.599103927612305,-0.466108322143555,0.599103927612305,-0.591516494750977,0.599103927612305,-0.683073997497559,0.599103927612305,-0.758891105651855,0.599103927612305,-1.01495265960693,0.599103927612305,-1.12796306610107,0.599103927612305,-1.21951580047607,0.599103927612305,-1.30296230316162,0.599103927612305,-2.66862869262695,0.599103927612305,-2.63095855712891,0.599103927612305,-2.60377883911133,0.599103927612305,-2.60663986206055,0.599103927612305,-4.01522159576416,0.599103927612305,-4.08150196075439,0.599103927612305,-4.13013935089111,0.599103927612305,-3.93511295318604,0.599103927612305,-2.94900894165039,0.599103927612305,-2.99049377441406,0.599103927612305,-3.02148818969727,0.599103927612305,-3.05343627929688,0.599103927612305,2.18988418579102,0.599103927612305,1.84321880340576,0.599103927612305,1.64008617401123,0.599103927612305,1.4827299118042
0.549103736877441,0.447988510131836,0.549103736877441,0.251054763793945,0.549103736877441,0.114679336547852,0.549103736877441,-0.0102519989013672,0.549103736877441,-1.01972103118896,0.549103736877441,-1.02258205413818,0.549103736877441,-1.06406688690186,0.549103736877441,-1.14322185516357,0.549103736877441,-1.42407894134521,0.549103736877441,-1.54042720794678,0.549103736877441,-1.62673473358154,0.549103736877441,-1.69730663299561,0.549103736877441,-2.02251434326172,0.549103736877441,-2.12265014648438,0.549103736877441,-2.20752716064453,0.549103736877441,-2.28382110595703,0.549103736877441,-3.71338367462158,0.549103736877441,-3.6709451675415,0.549103736877441,-3.64090442657471,0.549103736877441,-3.64424228668213,0.549103736877441,-5.0165843963623,0.549103736877441,-5.06999015808105,0.549103736877441,-5.10575294494629,0.549103736877441,-4.94791984558105,0.549103736877441,-4.07816410064697,0.549103736877441,-4.09342288970947,0.549103736877441,-4.10152912139893,0.549103736877441,-4.11678791046143,0.549103736877441,1.61624431610107,0.549103736877441,1.26386165618896,0.549103736877441,1.04690074920654,0.549103736877441,0.874285697937012
0.499181747436523,-0.256776809692383,0.499181747436523,-0.457525253295898,0.499181747436523,-0.594377517700195,0.499181747436523,-0.720744132995605,0.499181747436523,-1.82319164276123,0.499181747436523,-1.817946434021,0.499181747436523,-1.85800075531006,0.499181747436523,-1.94097518920898,0.499181747436523,-2.29192733764648,0.499181747436523,-2.40016937255859,0.499181747436523,-2.48170852661133,0.499181747436523,-2.54655838012695,0.499181747436523,-2.9046630859375,0.499181747436523,-2.99764633178711,0.499181747436523,-3.08109283447266,0.499181747436523,-3.15455198287964,0.499181747436523,-4.59219932556152,0.499181747436523,-4.55166816711426,0.499181747436523,-4.52162742614746,0.499181747436523,-4.52401161193848,0.499181747436523,-5.80813884735107,0.499181747436523,-5.84914684295654,0.499181747436523,-5.8734655380249,0.499181747436523,-5.75425624847412,0.499181747436523,-5.01420021057129,0.499181747436523,-5.00657081604004,0.499181747436523,-4.99560356140137,0.499181747436523,-4.99608039855957,0.499181747436523,1.06454372406006,0.499181747436523,0.709776878356934,0.499181747436523,0.481843948364258,0.499181747436523,0.297784805297852
0.44918155670166,-0.910048484802246,0.44918155670166,-1.11222743988037,0.44918155670166,-1.24955654144287,0.44918155670166,-1.37937593460083,0.44918155670166,-2.54500889778137,0.44918155670166,-2.53408932685852,0.44918155670166,-2.57457280158997,0.44918155670166,-2.66102385520935,0.44918155670166,-3.0724880695343,0.44918155670166,-3.1728150844574,0.44918155670166,-3.2496337890625,0.44918155670166,-3.31045627593994,0.44918155670166,-3.68286609649658,0.44918155670166,-3.77823352813721,0.44918155670166,-3.85500431060791,0.44918155670166,-3.92269206047058,0.44918155670166,-5.32319068908691,0.44918155670166,-5.28885841369629,0.44918155670166,-5.26167869567871,0.44918155670166,-5.26358604431152,0.44918155670166,-6.44423961639404,0.44918155670166,-6.47380352020264,0.44918155670166,-6.48953914642334,0.44918155670166,-6.39655590057373,0.44918155670166,-5.78668117523193,0.44918155670166,-5.76140880584717,0.44918155670166,-5.735182762146,0.44918155670166,-5.72326183319092,0.44918155670166,0.53858757019043,0.44918155670166,0.182867050170898,0.44918155670166,-0.0531673431396484,0.44918155670166,-0.24867057800293
0.399181365966797,-1.51575183868408,0.399181365966797,-1.71893310546875,0.399181365966797,-1.85669183731079,0.399181365966797,-1.98372173309326,0.399181365966797,-3.18540358543396,0.399181365966797,-3.17219519615173,0.399181365966797,-3.21425223350525,0.399181365966797,-3.30423188209534,0.399181365966797,-3.76924514770508,0.399181365966797,-3.86227655410767,0.399181365966797,-3.9344699382782,0.399181365966797,-3.99233341217041,0.399181365966797,-4.38334465026855,0.399181365966797,-4.47108268737793,0.399181365966797,-4.53879356384277,0.399181365966797,-4.59627485275269,0.399181365966797,-5.92639446258545,0.399181365966797,-5.9039831161499,0.399181365966797,-5.88252544403076,0.399181365966797,-5.88538646697998,0.399181365966797,-6.9597053527832,0.399181365966797,-6.98688507080078,0.399181365966797,-6.99546813964844,0.399181365966797,-6.91059112548828,0.399181365966797,-6.42898082733154,0.399181365966797,-6.3917875289917,0.399181365966797,-6.35364055633545,0.399181365966797,-6.33170604705811,0.399181365966797,0.0360012054443359,0.399181365966797,-0.318552494049072,0.399181365966797,-0.55959415435791,0.399181365966797,-0.763299942016602
0.349259376525879,-2.07093572616577,0.349259376525879,-2.27340126037598,0.349259376525879,-2.4113986492157,0.349259376525879,-2.53885769844055,0.349259376525879,-3.74931335449219,0.349259376525879,-3.73453140258789,0.349259376525879,-3.78021240234375,0.349259376525879,-3.8729100227356,0.349259376525879,-4.38069581985474,0.349259376525879,-4.46652698516846,0.349259376525879,-4.5344762802124,0.349259376525879,-4.59029197692871,0.349259376525879,-4.9860668182373,0.349259376525879,-5.05711555480957,0.349259376525879,-5.11862754821777,0.349259376525879,-5.1697211265564,0.349259376525879,-6.42087459564209,0.349259376525879,-6.41181468963623,0.349259376525879,-6.39607906341553,0.349259376525879,-6.39989376068115,0.349259376525879,-7.37455368041992,0.349259376525879,-7.39934921264648,0.349259376525879,-7.40650177001953,0.349259376525879,-7.32353210449219,0.349259376525879,-6.96018218994141,0.349259376525879,-6.91249847412109,0.349259376525879,-6.86576366424561,0.349259376525879,-6.83715343475342,0.349259376525879,-0.442864418029785,0.349259376525879,-0.785472869873047,0.349259376525879,-1.02856540679932,0.349259376525879,-1.23727798461914
0.299259185791016,-2.58868718147278,0.299259185791016,-2.78667092323303,0.299259185791016,-2.92328524589539,0.299259185791016,-3.04745411872864,0.299259185791016,-4.24479675292969,0.299259185791016,-4.23025321960449,0.299259185791016,-4.27855682373047,0.299259185791016,-4.37435388565063,0.299259185791016,-4.91456460952759,0.299259185791016,-4.99343395233154,0.299259185791016,-5.05814075469971,0.299259185791016,-5.11195182800293,0.299259185791016,-5.49723625183105,0.299259185791016,-5.55350303649902,0.299259185791016,-5.60643196105957,0.299259185791016,-5.66174983978271,0.299259185791016,-6.82332515716553,0.299259185791016,-6.83667659759521,0.299259185791016,-6.83047771453857,0.299259185791016,-6.83715343475342,0.299259185791016,-7.72836685180664,0.299259185791016,-7.75554656982422,0.299259185791016,-7.75936126708984,0.299259185791016,-7.6616096496582,0.299259185791016,-7.41222381591797,0.299259185791016,-7.36215591430664,0.299259185791016,-7.30875015258789,0.299259185791016,-7.27441787719727,0.299259185791016,-0.894144535064697,0.299259185791016,-1.2256908416748,0.299259185791016,-1.46902179718018,0.299259185791016,-1.68212080001831
0.249258995056152,-3.06204533576965,0.249258995056152,-3.2524471282959,0.249258995056152,-3.38510370254517,0.249258995056152,-3.50512409210205,0.249258995056152,-4.67266464233398,0.249258995056152,-4.65769147872925,0.249258995056152,-4.70828437805176,0.249258995056152,-4.80665588378906,0.249258995056152,-5.36913537979126,0.249258995056152,-5.44147205352783,0.249258995056152,-5.51011085510254,0.249258995056152,-5.55541038513184,0.249258995056152,-5.91161251068115,0.249258995056152,-5.95595836639404,0.249258995056152,-5.99982738494873,0.249258995056152,-6.05037212371826,0.249258995056152,-7.14042663574219,0.249258995056152,-7.17475891113281,0.249258995056152,-7.18191146850586,0.249258995056152,-7.19478607177734,0.249258995056152,-8.0120849609375,0.249258995056152,-8.04737091064453,0.249258995056152,-8.057861328125,0.249258995056152,-7.92673110961914,0.249258995056152,-7.7827262878418,0.249258995056152,-7.7369499206543,0.249258995056152,-7.68020629882813,0.249258995056152,-7.6453971862793,0.249258995056152,-1.31867456436157,0.249258995056152,-1.63877630233765,0.249258995056152,-1.88091516494751,0.249258995056152,-2.09630346298218
0.199337005615234,-3.48967456817627,0.199337005615234,-3.6692521572113,0.199337005615234,-3.79604363441467,0.199337005615234,-3.9107711315155,0.199337005615234,-5.03921031951904,0.199337005615234,-5.02271175384521,0.199337005615234,-5.07320880889893,0.199337005615234,-5.17301177978516,0.199337005615234,-5.75330257415771,0.199337005615234,-5.81815242767334,0.199337005615234,-5.87394237518311,0.199337005615234,-5.91971874237061,0.199337005615234,-6.23538494110107,0.199337005615234,-6.26637935638428,0.199337005615234,-6.30357265472412,0.199337005615234,-6.35125637054443,0.199337005615234,-7.38456726074219,0.199337005615234,-7.44178771972656,0.199337005615234,-7.46515274047852,0.199337005615234,-7.48517990112305,0.199337005615234,-8.244309425354,0.199337005615234,-8.29199314117432,0.199337005615234,-8.31058979034424,0.199337005615234,-8.12700748443604,0.199337005615234,-8.09028625488281,0.199337005615234,-8.04641723632813,0.199337005615234,-7.99253463745117,0.199337005615234,-7.95677185058594,0.199337005615234,-1.71945762634277,0.199337005615234,-2.02787685394287,0.199337005615234,-2.26696395874023,0.199337005615234,-2.4821138381958
0.149336814880371,-3.87043046951294,0.149336814880371,-4.03646564483643,0.149336814880371,-4.15486478805542,0.149336814880371,-4.26310729980469,0.149336814880371,-5.35370826721191,0.149336814880371,-5.33272743225098,0.149336814880371,-5.3818416595459,0.149336814880371,-5.48007011413574,0.149336814880371,-6.05275630950928,0.149336814880371,-6.10759258270264,0.149336814880371,-6.16052150726318,0.149336814880371,-6.20439052581787,0.149336814880371,-6.47904872894287,0.149336814880371,-6.49573802947998,0.149336814880371,-6.52530193328857,0.149336814880371,-6.56774044036865,0.149336814880371,-7.56242752075195,0.149336814880371,-7.64015197753906,0.149336814880371,-7.68211364746094,0.149336814880371,-7.71453857421875,0.149336814880371,-8.42073917388916,0.149336814880371,-8.49321842193604,0.149336814880371,-8.52612018585205,0.149336814880371,-8.28054904937744,0.149336814880371,-8.32584857940674,0.149336814880371,-8.29914569854736,0.149336814880371,-8.25527667999268,0.149336814880371,-8.22189807891846,0.149336814880371,-2.09849691390991,0.149336814880371,-2.39485216140747,0.149336814880371,-2.62731122970581,0.149336814880371,-2.83793091773987
0.0993366241455078,-4.20602989196777,0.0993366241455078,-4.35251474380493,0.0993366241455078,-4.46137714385986,0.0993366241455078,-4.55979633331299,0.0993366241455078,-5.60690879821777,0.0993366241455078,-5.57877540588379,0.0993366241455078,-5.62264442443848,0.0993366241455078,-5.71563243865967,0.0993366241455078,-6.27925395965576,0.0993366241455078,-6.32216930389404,0.0993366241455078,-6.36985301971436,0.0993366241455078,-6.41229152679443,0.0993366241455078,-6.64975643157959,0.0993366241455078,-6.65023326873779,0.0993366241455078,-6.67073726654053,0.0993366241455078,-6.70888423919678,0.0993366241455078,-7.6921272277832,0.0993366241455078,-7.78558731079102,0.0993366241455078,-7.84280776977539,0.0993366241455078,-7.88667678833008,0.0993366241455078,-8.56617450714111,0.0993366241455078,-8.65248203277588,0.0993366241455078,-8.7011194229126,0.0993366241455078,-8.4121561050415,0.0993366241455078,-8.49941730499268,0.0993366241455078,-8.4879732131958,0.0993366241455078,-8.457932472229,0.0993366241455078,-8.43218326568604,0.0993366241455078,-2.45665049552917,0.0993366241455078,-2.7388916015625,0.0993366241455078,-2.96119379997253,0.0993366241455078,-3.16218161582947
0.0494146347045898,-4.49694919586182,0.0494146347045898,-4.62083196640015,0.0494146347045898,-4.71548461914063,0.0494146347045898,-4.80279350280762,0.0494146347045898,-5.81862926483154,0.0494146347045898,-5.7809591293335,0.0494146347045898,-5.81433773040771,0.0494146347045898,-5.89873790740967,0.0494146347045898,-6.44042491912842,0.0494146347045898,-6.47046566009521,0.0494146347045898,-6.51147365570068,0.0494146347045898,-6.55057430267334,0.0494146347045898,-6.76324367523193,0.0494146347045898,-6.74798488616943,0.0494146347045898,-6.75990581512451,0.0494146347045898,-6.79137706756592,0.0494146347045898,-7.79321670532227,0.0494146347045898,-7.89955139160156,0.0494146347045898,-7.96964645385742,0.0494146347045898,-8.02305221557617,0.0494146347045898,-8.71017932891846,0.0494146347045898,-8.8088846206665,0.0494146347045898,-8.86467456817627,0.0494146347045898,-8.54280948638916,0.0494146347045898,-8.63626956939697,0.0494146347045898,-8.63913059234619,0.0494146347045898,-8.62101078033447,0.0494146347045898,-8.60193729400635,0.0494146347045898,-2.79520630836487,0.0494146347045898,-3.06037640571594,0.0494146347045898,-3.26894569396973,0.0494146347045898,-3.45672488212585
-0.000585556030273438,-4.7459545135498,-0.000585556030273438,-4.84413576126099,-0.000585556030273438,-4.92028665542603,-0.000585556030273438,-4.99643802642822,-0.000585556030273438,-5.99315166473389,-0.000585556030273438,-5.94451427459717,-0.000585556030273438,-5.96263408660889,-0.000585556030273438,-6.03368282318115,-0.000585556030273438,-6.5448522567749,-0.000585556030273438,-6.56106472015381,-0.000585556030273438,-6.59492015838623,-0.000585556030273438,-6.62972927093506,-0.000585556030273438,-6.83238506317139,-0.000585556030273438,-6.80186748504639,-0.000585556030273438,-6.8042516708374,-0.000585556030273438,-6.82952404022217,-0.000585556030273438,-7.874755859375,-0.000585556030273438,-7.99062728881836,-0.000585556030273438,-8.07025909423828,-0.000585556030273438,-8.13177585601807,-0.000585556030273438,-8.85847568511963,-0.000585556030273438,-8.96671772003174,-0.000585556030273438,-9.03442859649658,-0.000585556030273438,-8.68252277374268,-0.000585556030273438,-8.74594211578369,-0.000585556030273438,-8.76167774200439,-0.000585556030273438,-8.75452518463135,-0.000585556030273438,-8.74212741851807,-0.000585556030273438,-3.11321020126343,-0.000585556030273438,-3.35882997512817,-0.000585556030273438,-3.55051922798157,-0.000585556030273438,-3.72137069702148
-0.0505075454711914,-4.96062755584717,-0.0505075454711914,-5.03201007843018,-0.0505075454711914,-5.09047079086304,-0.0505075454711914,-5.15203046798706,-0.0505075454711914,-6.14097118377686,-0.0505075454711914,-6.08232021331787,-0.0505075454711914,-6.08279705047607,-0.0505075454711914,-6.13667964935303,-0.0505075454711914,-6.61065578460693,-0.0505075454711914,-6.61399364471436,-0.0505075454711914,-6.63926601409912,-0.0505075454711914,-6.66835308074951,-0.0505075454711914,-6.87959671020508,-0.0505075454711914,-6.8342924118042,-0.0505075454711914,-6.82570934295654,-0.0505075454711914,-6.84192180633545,-0.0505075454711914,-7.96058654785156,-0.0505075454711914,-8.07598114013672,-0.0505075454711914,-8.16229343414307,-0.0505075454711914,-8.23095798492432,-0.0505075454711914,-9.04110431671143,-0.0505075454711914,-9.15602207183838,-0.0505075454711914,-9.23231601715088,-0.0505075454711914,-8.86610507965088,-0.0505075454711914,-8.84512424468994,-0.0505075454711914,-8.87230396270752,-0.0505075454711914,-8.87659549713135,-0.0505075454711914,-8.87278079986572,-0.0505075454711914,-3.41557383537292,-0.0505075454711914,-3.63792371749878,-0.0505075454711914,-3.81039643287659,-0.0505075454711914,-3.96141123771667
-0.100507736206055,-5.1432089805603,-0.100507736206055,-5.19301414489746,-0.100507736206055,-5.23545265197754,-0.100507736206055,-5.27932167053223,-0.100507736206055,-6.26876354217529,-0.100507736206055,-6.20248317718506,-0.100507736206055,-6.18531703948975,-0.100507736206055,-6.21964931488037,-0.100507736206055,-6.650710105896,-0.100507736206055,-6.64212703704834,-0.100507736206055,-6.65786266326904,-0.100507736206055,-6.67932033538818,-0.100507736206055,-6.91488265991211,-0.100507736206055,-6.85575008392334,-0.100507736206055,-6.8342924118042,-0.100507736206055,-6.83953762054443,-0.100507736206055,-8.08122634887695,-0.100507736206055,-8.17469120025635,-0.100507736206055,-8.25527667999268,-0.100507736206055,-8.32727909088135,-0.100507736206055,-9.27713871002197,-0.100507736206055,-9.3915843963623,-0.100507736206055,-9.47360038757324,-0.100507736206055,-9.13408756256104,-0.100507736206055,-8.95098209381104,-0.100507736206055,-8.976731300354,-0.100507736206055,-8.98960590362549,-0.100507736206055,-8.99389743804932,-0.100507736206055,-3.70239233970642,-0.100507736206055,-3.89789628982544,-0.100507736206055,-4.04800510406494,-0.100507736206055,-4.17761039733887
-0.150507926940918,-5.30411720275879,-0.150507926940918,-5.32509803771973,-0.150507926940918,-5.34941673278809,-0.150507926940918,-5.37516593933105,-0.150507926940918,-6.38272762298584,-0.150507926940918,-6.31167888641357,-0.150507926940918,-6.27973079681396,-0.150507926940918,-6.29451274871826,-0.150507926940918,-6.68265819549561,-0.150507926940918,-6.66358470916748,-0.150507926940918,-6.6669225692749,-0.150507926940918,-6.67884349822998,-0.150507926940918,-6.95541381835938,-0.150507926940918,-6.88198089599609,-0.150507926940918,-6.84716701507568,-0.150507926940918,-6.84001445770264,-0.150507926940918,-8.26719760894775,-0.150507926940918,-8.32441806793213,-0.150507926940918,-8.38259220123291,-0.150507926940918,-8.44648838043213,-0.150507926940918,-9.61236000061035,-0.150507926940918,-9.70438957214355,-0.150507926940918,-9.78116035461426,-0.150507926940918,-9.50936317443848,-0.150507926940918,-9.10500049591064,-0.150507926940918,-9.10738468170166,-0.150507926940918,-9.11453723907471,-0.150507926940918,-9.12025928497314,-0.150507926940918,-3.96899318695068,-0.150507926940918,-4.13798475265503,-0.150507926940918,-4.26592063903809,-0.150507926940918,-4.37688112258911
-0.200430870056152,-5.44049263000488,-0.200430870056152,-5.4433536529541,-0.200430870056152,-5.45002937316895,-0.200430870056152,-5.46051979064941,-0.200430870056152,-6.49383068084717,-0.200430870056152,-6.42039775848389,-0.200430870056152,-6.37557506561279,-0.200430870056152,-6.37366771697998,-0.200430870056152,-6.73224925994873,-0.200430870056152,-6.70220851898193,-0.200430870056152,-6.69171810150146,-0.200430870056152,-6.69219493865967,-0.200430870056152,-7.02646255493164,-0.200430870056152,-6.93586349487305,-0.200430870056152,-6.88674926757813,-0.200430870056152,-6.86719417572021,-0.200430870056152,-8.52945804595947,-0.200430870056152,-8.55425357818604,-0.200430870056152,-8.58477115631104,-0.200430870056152,-8.63245487213135,-0.200430870056152,-10.0744152069092,-0.200430870056152,-10.1411724090576,-0.200430870056152,-10.2003002166748,-0.200430870056152,-10.0057506561279,-0.200430870056152,-9.34008121490479,-0.200430870056152,-9.3119478225708,-0.200430870056152,-9.29811954498291,-0.200430870056152,-9.29573535919189,-0.200430870056152,-4.22219467163086,-0.200430870056152,-4.36767816543579,-0.200430870056152,-4.47525310516357,-0.200430870056152,-4.56418323516846
-0.250431060791016,-5.5654239654541,-0.250431060791016,-5.55159568786621,-0.250431060791016,-5.54301261901855,-0.250431060791016,-5.53967475891113,-0.250431060791016,-6.61780834197998,-0.250431060791016,-6.53769969940186,-0.250431060791016,-6.48238658905029,-0.250431060791016,-6.46665096282959,-0.250431060791016,-6.81569576263428,-0.250431060791016,-6.7732572555542,-0.250431060791016,-6.74846172332764,-0.250431060791016,-6.73606395721436,-0.250431060791016,-7.13565826416016,-0.250431060791016,-7.02693939208984,-0.250431060791016,-6.96161270141602,-0.250431060791016,-6.9282341003418,-0.250431060791016,-8.854660987854,-0.250431060791016,-8.85323047637939,-0.250431060791016,-8.86133670806885,-0.250431060791016,-8.89519214630127,-0.250431060791016,-10.6413793563843,-0.250431060791016,-10.6881093978882,-0.250431060791016,-10.7315015792847,-0.250431060791016,-10.5955982208252,-0.250431060791016,-9.65289115905762,-0.250431060791016,-9.59567070007324,-0.250431060791016,-9.56086158752441,-0.250431060791016,-9.54512596130371,-0.250431060791016,-4.46314144134521,-0.250431060791016,-4.59188795089722,-0.250431060791016,-4.67461967468262,-0.250431060791016,-4.74180603027344
-0.300431251525879,-5.68273067474365,-0.300431251525879,-5.65459728240967,-0.300431251525879,-5.63409328460693,-0.300431251525879,-5.61882972717285,-0.300431251525879,-6.76705837249756,-0.300431251525879,-6.67693614959717,-0.300431251525879,-6.61160945892334,-0.300431251525879,-6.58395290374756,-0.300431251525879,-6.93777084350586,-0.300431251525879,-6.88007354736328,-0.300431251525879,-6.84096813201904,-0.300431251525879,-6.81474208831787,-0.300431251525879,-7.27823257446289,-0.300431251525879,-7.15091705322266,-0.300431251525879,-7.06794738769531,-0.300431251525879,-7.0207405090332,-0.300431251525879,-9.22564029693604,-0.300431251525879,-9.20418262481689,-0.300431251525879,-9.19655323028564,-0.300431251525879,-9.21848773956299,-0.300431251525879,-11.2688970565796,-0.300431251525879,-11.3041830062866,-0.300431251525879,-11.3361310958862,-0.300431251525879,-11.2355184555054,-0.300431251525879,-10.0286388397217,-0.300431251525879,-9.94805335998535,-0.300431251525879,-9.89703178405762,-0.300431251525879,-9.87032890319824,-0.300431251525879,-4.70318222045898,-0.300431251525879,-4.80455780029297,-0.300431251525879,-4.86230325698853,-0.300431251525879,-4.90803194046021
-0.350353240966797,-5.80003261566162,-0.350353240966797,-5.75807094573975,-0.350353240966797,-5.72612285614014,-0.350353240966797,-5.70085048675537,-0.350353240966797,-6.94540023803711,-0.350353240966797,-6.84287548065186,-0.350353240966797,-6.76610469818115,-0.350353240966797,-6.72652721405029,-0.350353240966797,-7.08892822265625,-0.350353240966797,-7.01454162597656,-0.350353240966797,-6.9597053527832,-0.350353240966797,-6.92108154296875,-0.350353240966797,-7.44560241699219,-0.350353240966797,-7.29730606079102,-0.350353240966797,-7.19717025756836,-0.350353240966797,-7.13851928710938,-0.350353240966797,-9.6190357208252,-0.350353240966797,-9.58708763122559,-0.350353240966797,-9.56801414489746,-0.350353240966797,-9.58041191101074,-0.350353240966797,-11.8954658508301,-0.350353240966797,-11.9264602661133,-0.350353240966797,-11.9512557983398,-0.350353240966797,-11.8606519699097,-0.350353240966797,-10.4482555389404,-0.350353240966797,-10.3490734100342,-0.350353240966797,-10.2842235565186,-0.350353240966797,-10.2494144439697,-0.350353240966797,-4.92815494537354,-0.350353240966797,-5.00382900238037,-0.350353240966797,-5.03854274749756,-0.350353240966797,-5.06443500518799
-0.40035343170166,-5.92353343963623,-0.40035343170166,-5.86774349212646,-0.40035343170166,-5.82387447357178,-0.40035343170166,-5.79097270965576,-0.40035343170166,-7.14567184448242,-0.40035343170166,-7.03027725219727,-0.40035343170166,-6.93967819213867,-0.40035343170166,-6.88674926757813,-0.40035343170166,-7.25725173950195,-0.40035343170166,-7.16617584228516,-0.40035343170166,-7.09751129150391,-0.40035343170166,-7.04887390136719,-0.40035343170166,-7.62775421142578,-0.40035343170166,-7.45990753173828,-0.40035343170166,-7.34594345092773,-0.40035343170166,-7.28061676025391,-0.40035343170166,-10.0195789337158,-0.40035343170166,-9.98333930969238,-0.40035343170166,-9.95377540588379,-0.40035343170166,-9.9556827545166,-0.40035343170166,-12.4691009521484,-0.40035343170166,-12.5034332275391,-0.40035343170166,-12.5244140625,-0.40035343170166,-12.4247550964355,-0.40035343170166,-10.8960103988647,-0.40035343170166,-10.7820463180542,-0.40035343170166,-10.7081365585327,-0.40035343170166,-10.664267539978,-0.40035343170166,-5.14277982711792,-0.40035343170166,-5.19730567932129,-0.40035343170166,-5.20874977111816,-0.40035343170166,-5.21637916564941
-0.450353622436523,-6.05227947235107,-0.450353622436523,-5.98266124725342,-0.450353622436523,-5.92877864837646,-0.450353622436523,-5.89015483856201,-0.450353622436523,-7.35404968261719,-0.450353622436523,-7.22244262695313,-0.450353622436523,-7.11658477783203,-0.450353622436523,-7.05173492431641,-0.450353622436523,-7.42748260498047,-0.450353622436523,-7.32257843017578,-0.450353622436523,-7.24628448486328,-0.450353622436523,-7.19144821166992,-0.450353622436523,-7.8141975402832,-0.450353622436523,-7.63156890869141,-0.450353622436523,-7.50997543334961,-0.450353622436523,-7.44226455688477,-0.450353622436523,-10.3900814056396,-0.450353622436523,-10.3476428985596,-0.450353622436523,-10.3023433685303,-0.450353622436523,-10.2837467193604,-0.450353622436523,-12.9449844360352,-0.450353622436523,-12.9793167114258,-0.450353622436523,-12.9979133605957,-0.450353622436523,-12.890625,-0.450353622436523,-11.3342237472534,-0.450353622436523,-11.2145376205444,-0.450353622436523,-11.1329984664917,-0.450353622436523,-11.0772085189819,-0.450353622436523,-5.34941673278809,-0.450353622436523,-5.36992073059082,-0.450353622436523,-5.36133766174316,-0.450353622436523,-5.35418510437012
-0.500275611877441,-6.18484020233154,-0.500275611877441,-6.10377788543701,-0.500275611877441,-6.04369640350342,-0.500275611877441,-6.00078105926514,-0.500275611877441,-7.55622863769531,-0.500275611877441,-7.40745544433594,-0.500275611877441,-7.29015350341797,-0.500275611877441,-7.21576690673828,-0.500275611877441,-7.59866714477539,-0.500275611877441,-7.48565673828125,-0.500275611877441,-7.40507125854492,-0.500275611877441,-7.34832763671875,-0.500275611877441,-8.00350189208984,-0.500275611877441,-7.81276702880859,-0.500275611877441,-7.68831253051758,-0.500275611877441,-7.61917114257813,-0.500275611877441,-10.685248374939,-0.500275611877441,-10.6275510787964,-0.500275611877441,-10.5674648284912,-0.500275611877441,-10.5350399017334,-0.500275611877441,-13.3126306533813,-0.500275611877441,-13.3412408828735,-0.500275611877441,-13.3579301834106,-0.500275611877441,-13.2592248916626,-0.500275611877441,-11.7366743087769,-0.500275611877441,-11.6098356246948,-0.500275611877441,-11.5158987045288,-0.500275611877441,-11.4443731307983,-0.500275611877441,-5.53776741027832,-0.500275611877441,-5.53204536437988,-0.500275611877441,-5.5048656463623,-0.500275611877441,-5.48579216003418
-0.550275802612305,-6.32646083831787,-0.550275802612305,-6.23061656951904,-0.550275802612305,-6.16767406463623,-0.550275802612305,-6.12189769744873,-0.550275802612305,-7.74410247802734,-0.550275802612305,-7.58197784423828,-0.550275802612305,-7.45943069458008,-0.550275802612305,-7.38075256347656,-0.550275802612305,-7.77128219604492,-0.550275802612305,-7.65254974365234,-0.550275802612305,-7.56862640380859,-0.550275802612305,-7.51045227050781,-0.550275802612305,-8.19471836090088,-0.550275802612305,-7.99825668334961,-0.550275802612305,-7.87284851074219,-0.550275802612305,-7.80323028564453,-0.550275802612305,-10.8893346786499,-0.550275802612305,-10.8254384994507,-0.550275802612305,-10.7696485519409,-0.550275802612305,-10.7419919967651,-0.550275802612305,-13.5872888565063,-0.550275802612305,-13.6073160171509,-0.550275802612305,-13.6187601089478,-0.550275802612305,-13.5434198379517,-0.550275802612305,-12.0652198791504,-0.550275802612305,-11.9235992431641,-0.550275802612305,-11.8158292770386,-0.550275802612305,-11.7290449142456,-0.550275802612305,-5.71467876434326,-0.550275802612305,-5.68416118621826,-0.550275802612305,-5.64267635345459,-0.550275802612305,-5.61358451843262
-0.600275993347168,-6.46951198577881,-0.600275993347168,-6.36460781097412,-0.600275993347168,-6.3002347946167,-0.600275993347168,-6.25541210174561,-0.600275993347168,-7.9205322265625,-0.600275993347168,-7.75077819824219,-0.600275993347168,-7.62393951416016,-0.600275993347168,-7.54573822021484,-0.600275993347168,-7.94246673583984,-0.600275993347168,-7.81848907470703,-0.600275993347168,-7.73027420043945,-0.600275993347168,-7.67066955566406,-0.600275993347168,-8.3816385269165,-0.600275993347168,-8.1827974319458,-0.600275993347168,-8.05595397949219,-0.600275993347168,-7.98585891723633,-0.600275993347168,-11.060996055603,-0.600275993347168,-11.0009145736694,-0.600275993347168,-10.9603834152222,-0.600275993347168,-10.941309928894,-0.600275993347168,-13.7961435317993,-0.600275993347168,-13.8109254837036,-0.600275993347168,-13.8228464126587,-0.600275993347168,-13.7589502334595,-0.600275993347168,-12.2998237609863,-0.600275993347168,-12.1443748474121,-0.600275993347168,-12.028980255127,-0.600275993347168,-11.9379043579102,-0.600275993347168,-5.88157176971436,-0.600275993347168,-5.82959651947021,-0.600275993347168,-5.77476024627686,-0.600275993347168,-5.73995113372803
-0.650197982788086,-6.61733150482178,-0.650197982788086,-6.50718212127686,-0.650197982788086,-6.44423961639404,-0.650197982788086,-6.40132427215576,-0.650197982788086,-8.08933258056641,-0.650197982788086,-7.91385650634766,-0.650197982788086,-7.78415679931641,-0.650197982788086,-7.70500183105469,-0.650197982788086,-8.10840606689453,-0.650197982788086,-7.9810905456543,-0.650197982788086,-7.88763046264648,-0.650197982788086,-7.82659530639648,-0.650197982788086,-8.56283664703369,-0.650197982788086,-8.36161136627197,-0.650197982788086,-8.23572635650635,-0.650197982788086,-8.16515445709229,-0.650197982788086,-11.2412405014038,-0.650197982788086,-11.1887884140015,-0.650197982788086,-11.1582708358765,-0.650197982788086,-11.145396232605,-0.650197982788086,-13.9935541152954,-0.650197982788086,-14.0092897415161,-0.650197982788086,-14.0283632278442,-0.650197982788086,-13.962082862854,-0.650197982788086,-12.468147277832,-0.650197982788086,-12.310791015625,-0.650197982788086,-12.1987342834473,-0.650197982788086,-12.1133804321289,-0.650197982788086,-6.04274272918701,-0.650197982788086,-5.97360134124756,-0.650197982788086,-5.90732097625732,-0.650197982788086,-5.86869716644287
-0.700198173522949,-6.77087306976318,-0.700198173522949,-6.65833950042725,-0.700198173522949,-6.59682750701904,-0.700198173522949,-6.55534267425537,-0.700198173522949,-8.24573993682861,-0.700198173522949,-8.06692123413086,-0.700198173522949,-7.93483734130859,-0.700198173522949,-7.85806655883789,-0.700198173522949,-8.26481342315674,-0.700198173522949,-8.13368320465088,-0.700198173522949,-8.03449630737305,-0.700198173522949,-7.97107696533203,-0.700198173522949,-8.73020648956299,-0.700198173522949,-8.52993488311768,-0.700198173522949,-8.40548038482666,-0.700198173522949,-8.33395481109619,-0.700198173522949,-11.424822807312,-0.700198173522949,-11.3785696029663,-0.700198173522949,-11.3518667221069,-0.700198173522949,-11.3423299789429,-0.700198173522949,-14.2338800430298,-0.700198173522949,-14.2477083206177,-0.700198173522949,-14.2734575271606,-0.700198173522949,-14.2205286026001,-0.700198173522949,-12.6116752624512,-0.700198173522949,-12.458610534668,-0.700198173522949,-12.3608589172363,-0.700198173522949,-12.2902870178223,-0.700198173522949,-6.19771480560303,-0.700198173522949,-6.11522197723389,-0.700198173522949,-6.040358543396,-0.700198173522949,-6.00030422210693
-0.750198364257813,-6.93014144897461,-0.750198364257813,-6.81521892547607,-0.750198364257813,-6.75418376922607,-0.750198364257813,-6.71508312225342,-0.750198364257813,-8.38926792144775,-0.750198364257813,-8.20806980133057,-0.750198364257813,-8.07550430297852,-0.750198364257813,-7.99825668334961,-0.750198364257813,-8.40977191925049,-0.750198364257813,-8.27339649200439,-0.750198364257813,-8.16992282867432,-0.750198364257813,-8.10506820678711,-0.750198364257813,-8.88231754302979,-0.750198364257813,-8.68490695953369,-0.750198364257813,-8.56522083282471,-0.750198364257813,-8.49321842193604,-0.750198364257813,-11.6146039962769,-0.750198364257813,-11.5673971176147,-0.750198364257813,-11.5402173995972,-0.750198364257813,-11.5368795394897,-0.750198364257813,-14.5762538909912,-0.750198364257813,-14.5753002166748,-0.750198364257813,-14.6005725860596,-0.750198364257813,-14.6053409576416,-0.750198364257813,-12.7676010131836,-0.750198364257813,-12.6297950744629,-0.750198364257813,-12.5449180603027,-0.750198364257813,-12.4848365783691,-0.750198364257813,-6.34934902191162,-0.750198364257813,-6.2549352645874,-0.750198364257813,-6.17578029632568,-0.750198364257813,-6.13620281219482
-0.80012035369873,-7.09035873413086,-0.80012035369873,-6.97544097900391,-0.80012035369873,-6.91249847412109,-0.80012035369873,-6.87721252441406,-0.80012035369873,-8.518967628479,-0.80012035369873,-8.33729267120361,-0.80012035369873,-8.20711612701416,-0.80012035369873,-8.13034534454346,-0.80012035369873,-8.54280948638916,-0.80012035369873,-8.40309619903564,-0.80012035369873,-8.29533100128174,-0.80012035369873,-8.2285737991333,-0.80012035369873,-9.0215539932251,-0.80012035369873,-8.82843494415283,-0.80012035369873,-8.71542453765869,-0.80012035369873,-8.64437580108643,-0.80012035369873,-11.8120145797729,-0.80012035369873,-11.7567014694214,-0.80012035369873,-11.7261838912964,-0.80012035369873,-11.729998588562,-0.80012035369873,-15.0468921661377,-0.80012035369873,-15.0206661224365,-0.80012035369873,-15.0316333770752,-0.80012035369873,-15.1303386688232,-0.80012035369873,-12.9650115966797,-0.80012035369873,-12.82958984375,-0.80012035369873,-12.7542495727539,-0.80012035369873,-12.6998901367188,-0.80012035369873,-6.50336742401123,-0.80012035369873,-6.39750957489014,-0.80012035369873,-6.31358623504639,-0.80012035369873,-6.27448558807373
-0.850120544433594,-7.25152969360352,-0.850120544433594,-7.13375091552734,-0.850120544433594,-7.06842422485352,-0.850120544433594,-7.03695297241211,-0.850120544433594,-8.63483905792236,-0.850120544433594,-8.45411777496338,-0.850120544433594,-8.32680225372314,-0.850120544433594,-8.25098514556885,-0.850120544433594,-8.66440296173096,-0.850120544433594,-8.52182865142822,-0.850120544433594,-8.41310977935791,-0.850120544433594,-8.34730625152588,-0.850120544433594,-9.15363788604736,-0.850120544433594,-8.96194934844971,-0.850120544433594,-8.85704517364502,-0.850120544433594,-8.78695011138916,-0.850120544433594,-12.0175361633301,-0.850120544433594,-11.946964263916,-0.850120544433594,-11.9083404541016,-0.850120544433594,-11.9197845458984,-0.850120544433594,-15.6386518478394,-0.850120544433594,-15.5799961090088,-0.850120544433594,-15.5709362030029,-0.850120544433594,-15.7807493209839,-0.850120544433594,-13.196759223938,-0.850120544433594,-13.0527496337891,-0.850120544433594,-12.9817008972168,-0.850120544433594,-12.9278182983398,-0.850120544433594,-6.650710105896,-0.850120544433594,-6.54103755950928,-0.850120544433594,-6.45377635955811,-0.850120544433594,-6.41896724700928
-0.900042533874512,-7.41222381591797,-0.900042533874512,-7.28824615478516,-0.900042533874512,-7.22148895263672,-0.900042533874512,-7.19478607177734,-0.900042533874512,-8.74022006988525,-0.900042533874512,-8.56331348419189,-0.900042533874512,-8.44028949737549,-0.900042533874512,-8.37114810943604,-0.900042533874512,-8.77645969390869,-0.900042533874512,-8.63674640655518,-0.900042533874512,-8.52802753448486,-0.900042533874512,-8.46556186676025,-0.900042533874512,-9.2809534072876,-0.900042533874512,-9.09212589263916,-0.900042533874512,-8.99532794952393,-0.900042533874512,-8.9309549331665,-0.900042533874512,-12.2373580932617,-0.900042533874512,-12.1467590332031,-0.900042533874512,-12.0990753173828,-0.900042533874512,-12.1167182922363,-0.900042533874512,-16.3386497497559,-0.900042533874512,-16.2485275268555,-0.900042533874512,-16.2141952514648,-0.900042533874512,-16.538444519043,-0.900042533874512,-13.4718942642212,-0.900042533874512,-13.3083391189575,-0.900042533874512,-13.2339525222778,-0.900042533874512,-13.1762552261353,-0.900042533874512,-6.803297996521,-0.900042533874512,-6.69124126434326,-0.900042533874512,-6.60350322723389,-0.900042533874512,-6.56487941741943
-0.950042724609375,-7.56671905517578,-0.950042724609375,-7.43892669677734,-0.950042724609375,-7.37026214599609,-0.950042724609375,-7.34785079956055,-0.950042724609375,-8.83463382720947,-0.950042724609375,-8.66583347320557,-0.950042724609375,-8.5485315322876,-0.950042724609375,-8.48558902740479,-0.950042724609375,-8.885178565979,-0.950042724609375,-8.74975681304932,-0.950042724609375,-8.64532947540283,-0.950042724609375,-8.58953952789307,-0.950042724609375,-9.41113471984863,-0.950042724609375,-9.22325611114502,-0.950042724609375,-9.13647174835205,-0.950042724609375,-9.07972812652588,-0.950042724609375,-12.4843597412109,-0.950042724609375,-12.3637199401855,-0.950042724609375,-12.2993469238281,-0.950042724609375,-12.3188972473145,-0.950042724609375,-17.1192359924316,-0.950042724609375,-17.0028877258301,-0.950042724609375,-16.9470977783203,-0.950042724609375,-17.3700523376465,-0.950042724609375,-13.7928056716919,-0.950042724609375,-13.6011171340942,-0.950042724609375,-13.5162401199341,-0.950042724609375,-13.4566354751587,-0.950042724609375,-6.96161270141602,-0.950042724609375,-6.84669017791748,-0.950042724609375,-6.7579984664917,-0.950042724609375,-6.72414302825928
