0.0mA_x,0.0mA_y,0.1mA_x,0.1mA_y,0.2mA_x,0.2mA_y,0.3mA_x,0.3mA_y
  0.0000,  1.0000,  0.0000,  1.0000,  0.0000,  1.0000,  0.0000,  1.0000
  1.7327,  0.9991,  1.9800,  0.9991,  2.0370,  1.0003,  2.0380,  1.0029
  3.4655,  0.9981,  3.9600,  0.9981,  4.0741,  1.0006,  4.0761,  1.0059
  5.1982,  0.9972,  5.9399,  0.9972,  6.1111,  1.0009,  6.1141,  1.0088
  6.9309,  0.9962,  7.9199,  0.9962,  8.1481,  1.0012,  8.1522,  1.0117
  8.6637,  0.9953,  9.8999,  0.9953, 10.1852,  1.0015, 10.1902,  1.0146
 10.3964,  0.9944, 11.8799,  0.9943, 12.2222,  1.0018, 12.2282,  1.0176
 12.1291,  0.9934, 13.8599,  0.9934, 14.2593,  1.0021, 14.2663,  1.0205
 13.8619,  0.9925, 15.8398,  0.9924, 16.2963,  1.0024, 16.3043,  1.0234
 15.5946,  0.9915, 17.8198,  0.9915, 18.3333,  1.0026, 18.3423,  1.0263
 17.3273,  0.9906, 19.7998,  0.9905, 20.3704,  1.0029, 20.3804,  1.0293
 19.0601,  0.9897, 21.7798,  0.9896, 22.4074,  1.0032, 22.4184,  1.0322
 20.7928,  0.9887, 23.7598,  0.9886, 24.4444,  1.0035, 24.4565,  1.0351
 22.5255,  0.9878, 25.7397,  0.9877, 26.4815,  1.0038, 26.4945,  1.0380
 24.2583,  0.9868, 27.7197,  0.9867, 28.5185,  1.0041, 28.5325,  1.0410
 25.9910,  0.9859, 29.6997,  0.9858, 30.5556,  1.0044, 30.5706,  1.0439
 27.7237,  0.9850, 31.6797,  0.9848, 32.5926,  1.0047, 32.6086,  1.0468
 29.4565,  0.9840, 33.6597,  0.9839, 34.6296,  1.0050, 34.6466,  1.0498
 31.1892,  0.9831, 35.6396,  0.9829, 36.6667,  1.0053, 36.6847,  1.0527
 32.9219,  0.9821, 37.6196,  0.9820, 38.7037,  1.0056, 38.7227,  1.0556
 34.6547,  0.9812, 39.5996,  0.9810, 40.7407,  1.0059, 40.7608,  1.0585
 36.3874,  0.9803, 41.5796,  0.9801, 42.7778,  1.0062, 42.7988,  1.0615
 38.1201,  0.9793, 43.5596,  0.9791, 44.8148,  1.0065, 44.8368,  1.0644
 39.8529,  0.9784, 45.5395,  0.9782, 46.8519,  1.0068, 46.8749,  1.0673
 41.5856,  0.9775, 47.5195,  0.9772, 48.8889,  1.0071, 48.9129,  1.0702
 43.3183,  0.9765, 49.4995,  0.9763, 50.9259,  1.0074, 50.9510,  1.0732
 45.0511,  0.9756, 51.4795,  0.9753, 52.9630,  1.0077, 52.9890,  1.0761
 46.7838,  0.9746, 53.4595,  0.9744, 55.0000,  1.0079, 55.0270,  1.0790
 48.5165,  0.9737, 55.4394,  0.9734, 57.0370,  1.0082, 57.0651,  1.0819
 50.2492,  0.9728, 57.4194,  0.9725, 59.0741,  1.0085, 59.1031,  1.0849
 51.9820,  0.9718, 59.3994,  0.9715, 61.1111,  1.0088, 61.1411,  1.0878
 53.7147,  0.9709, 61.3794,  0.9706, 63.1481,  1.0091, 63.1792,  1.0907
 55.4474,  0.9699, 63.3594,  0.9697, 65.1852,  1.0094, 65.2172,  1.0937
 57.1802,  0.9690, 65.3393,  0.9687, 67.2222,  1.0097, 67.2553,  1.0966
 58.9129,  0.9681, 67.3193,  0.9678, 69.2593,  1.0100, 69.2933,  1.0995
 60.6456,  0.9671, 69.2993,  0.9668, 71.2963,  1.0103, 71.3313,  1.1024
 62.3784,  0.9662, 71.2793,  0.9659, 73.3333,  1.0106, 73.3694,  1.1054
 64.1111,  0.9652, 73.2593,  0.9649, 75.3704,  1.0109, 75.4074,  1.1083
 65.8438,  0.9643, 75.2392,  0.9640, 77.4074,  1.0112, 77.4454,  1.1112
 67.5766,  0.9634, 77.2192,  0.9630, 79.4444,  1.0115, 79.4835,  1.1141
 69.3093,  0.9624, 79.1992,  0.9621, 81.4815,  1.0118, 81.5215,  1.1171
 71.0420,  0.9615, 81.1792,  0.9611, 83.5185,  1.0121, 83.5596,  1.1200
 72.7748,  0.9605, 83.1592,  0.9602, 85.5556,  1.0124, 85.5976,  1.1229
 74.5075,  0.9596, 85.1391,  0.9592, 87.5926,  1.0127, 87.6356,  1.1259
 76.2402,  0.9587, 87.1191,  0.9583, 89.6296,  1.0130, 89.6737,  1.1288
 77.9730,  0.9577, 89.0991,  0.9573, 91.6667,  1.0132, 91.7117,  1.1317
 79.7057,  0.9568, 91.0791,  0.9564, 93.7037,  1.0135, 93.7497,  1.1346
 81.4384,  0.9558, 93.0591,  0.9554, 95.7407,  1.0138, 95.7878,  1.1376
 83.1712,  0.9549, 95.0390,  0.9545, 97.7778,  1.0141, 97.8258,  1.1405
 84.9039,  0.9540, 97.0190,  0.9535, 99.8148,  1.0144, 99.8639,  1.1434
 86.6366,  0.9530, 98.9990,  0.9526,101.8519,  1.0147,101.9019,  1.1463
 88.3694,  0.9521,100.9790,  0.9516,103.8889,  1.0150,103.9399,  1.1493
 90.1021,  0.9511,102.9590,  0.9507,105.9259,  1.0153,105.9780,  1.1522
 91.8348,  0.9502,104.9389,  0.9497,107.9630,  1.0156,108.0160,  1.1551
 93.5676,  0.9493,106.9189,  0.9488,110.0000,  1.0159,110.0541,  1.1580
 95.3003,  0.9483,108.8989,  0.9478,112.0370,  1.0162,112.0921,  1.1610
 97.0330,  0.9474,110.8789,  0.9469,114.0741,  1.0165,114.1301,  1.1639
 98.7658,  0.9464,112.8589,  0.9459,116.1111,  1.0168,116.1682,  1.1668
100.4985,  0.9455,114.8388,  0.9450,118.1481,  1.0171,118.2062,  1.1698
102.2312,  0.9446,116.8188,  0.9440,120.1852,  1.0174,120.2442,  1.1727
103.9640,  0.9436,118.7988,  0.9431,122.2222,  1.0177,122.2823,  1.1756
105.6967,  0.9427,120.7788,  0.9421,124.2593,  1.0180,124.3203,  1.1785
107.4294,  0.9418,122.7588,  0.9412,126.2963,  1.0183,126.3584,  1.1815
109.1622,  0.9408,124.7387,  0.9403,128.3333,  1.0185,128.3964,  1.1844
110.8949,  0.9399,126.7187,  0.9393,130.3704,  1.0188,130.4344,  1.1873
112.6276,  0.9389,128.6987,  0.9384,132.4074,  1.0191,132.4725,  1.1902
114.3604,  0.9380,130.6787,  0.9374,134.4444,  1.0194,134.5105,  1.1932
116.0931,  0.9371,132.6587,  0.9365,136.4815,  1.0197,136.5485,  1.1961
117.8258,  0.9361,134.6386,  0.9355,138.5185,  1.0200,138.5866,  1.1990
119.5586,  0.9352,136.6186,  0.9346,140.5556,  1.0203,140.6246,  1.2019
121.2913,  0.9342,138.5986,  0.9336,142.5926,  1.0206,142.6627,  1.2049
123.0240,  0.9333,140.5786,  0.9327,144.6296,  1.0209,144.7007,  1.2078
124.7568,  0.9324,142.5586,  0.9317,146.6667,  1.0212,146.7387,  1.2107
126.4895,  0.9314,144.5385,  0.9308,148.7037,  1.0215,148.7768,  1.2137
128.2222,  0.9305,146.5185,  0.9298,150.7407,  1.0218,150.8148,  1.2166
129.9550,  0.9295,148.4985,  0.9289,152.7778,  1.0221,152.8529,  1.2195
131.6877,  0.9286,150.4785,  0.9279,154.8148,  1.0224,154.8909,  1.2224
133.4204,  0.9277,152.4585,  0.9270,156.8519,  1.0227,156.9289,  1.2254
135.1532,  0.9267,154.4384,  0.9260,158.8889,  1.0230,158.9670,  1.2283
136.8859,  0.9258,156.4184,  0.9251,160.9259,  1.0233,161.0050,  1.2312
138.6186,  0.9248,158.3984,  0.9241,162.9630,  1.0236,163.0430,  1.2341
140.3514,  0.9239,160.3784,  0.9232,165.0000,  1.0238,165.0811,  1.2371
142.0841,  0.9230,162.3584,  0.9222,167.0370,  1.0241,167.1191,  1.2400
143.8168,  0.9220,164.3383,  0.9213,169.0741,  1.0244,169.1572,  1.2429
145.5495,  0.9211,166.3183,  0.9203,171.1111,  1.0247,171.1952,  1.2458
147.2823,  0.9201,168.2983,  0.9194,173.1481,  1.0250,173.2332,  1.2488
149.0150,  0.9192,170.2783,  0.9184,175.1852,  1.0253,175.2713,  1.2517
150.7477,  0.9183,172.2583,  0.9175,177.2222,  1.0256,177.3093,  1.2546
152.4805,  0.9173,174.2382,  0.9165,179.2593,  1.0259,179.3473,  1.2576
154.2132,  0.9164,176.2182,  0.9156,181.2963,  1.0262,181.3854,  1.2605
155.9459,  0.9154,178.1982,  0.9146,183.3333,  1.0265,183.4234,  1.2634
157.6787,  0.9145,180.1782,  0.9137,185.3704,  1.0268,185.4615,  1.2663
159.4114,  0.9136,182.1582,  0.9127,187.4074,  1.0271,187.4995,  1.2693
161.1441,  0.9126,184.1381,  0.9118,189.4444,  1.0274,189.5375,  1.2722
162.8769,  0.9117,186.1181,  0.9109,191.4815,  1.0277,191.5756,  1.2751
164.6096,  0.9107,188.0981,  0.9099,193.5185,  1.0280,193.6136,  1.2780
166.3423,  0.9098,190.0781,  0.9090,195.5556,  1.0283,195.6517,  1.2810
168.0751,  0.9089,192.0581,  0.9080,197.5926,  1.0286,197.6897,  1.2839
169.8078,  0.9079,194.0380,  0.9071,199.6296,  1.0289,199.7277,  1.2868
171.5405,  0.9070,196.0180,  0.9061,201.6667,  1.0291,201.7658,  1.2898
173.2733,  0.9060,197.9980,  0.9052,203.7037,  1.0294,203.8038,  1.2927
175.0060,  0.9051,199.9780,  0.9042,205.7407,  1.0297,205.8418,  1.2956
176.7387,  0.9042,201.9580,  0.9033,207.7778,  1.0300,207.8799,  1.2985
178.4715,  0.9032,203.9379,  0.9023,209.8148,  1.0303,209.9179,  1.3015
180.2042,  0.9023,205.9179,  0.9014,211.8519,  1.0306,211.9560,  1.3044
181.9369,  0.9014,207.8979,  0.9004,213.8889,  1.0309,213.9940,  1.3073
183.6697,  0.9004,209.8779,  0.8995,215.9259,  1.0312,216.0320,  1.3102
185.4024,  0.8995,211.8579,  0.8985,217.9630,  1.0315,218.0701,  1.3132
187.1351,  0.8985,213.8378,  0.8976,220.0000,  1.0318,220.1081,  1.3161
188.8679,  0.8976,215.8178,  0.8966,222.0370,  1.0321,222.1461,  1.3190
190.6006,  0.8967,217.7978,  0.8957,224.0741,  1.0324,224.1842,  1.3219
192.3333,  0.8957,219.7778,  0.8947,226.1111,  1.0327,226.2222,  1.3249
194.0661,  0.8948,221.7578,  0.8938,228.1481,  1.0330,228.2603,  1.3278
195.7988,  0.8938,223.7377,  0.8928,230.1852,  1.0333,230.2983,  1.3307
197.5315,  0.8929,225.7177,  0.8919,232.2222,  1.0336,232.3363,  1.3337
199.2643,  0.8920,227.6977,  0.8909,234.2593,  1.0339,234.3744,  1.3366
200.9970,  0.8910,229.6777,  0.8900,236.2963,  1.0341,236.4124,  1.3395
202.7297,  0.8901,231.6577,  0.8890,238.3333,  1.0344,238.4505,  1.3424
204.4625,  0.8891,233.6376,  0.8881,240.3704,  1.0347,240.4885,  1.3454
206.1952,  0.8882,235.6176,  0.8871,242.4074,  1.0350,242.5265,  1.3483
207.9279,  0.8873,237.5976,  0.8862,244.4444,  1.0353,244.5646,  1.3512
209.6607,  0.8863,239.5776,  0.8852,246.4815,  1.0356,246.6026,  1.3542
211.3934,  0.8854,241.5576,  0.8843,248.5185,  1.0359,248.6406,  1.3572
213.1261,  0.8844,243.5375,  0.8833,250.5556,  1.0362,250.6787,  1.3603
214.8589,  0.8835,245.5175,  0.8824,252.5926,  1.0365,252.7167,  1.3639
216.5916,  0.8826,247.4975,  0.8815,254.6296,  1.0368,254.7548,  1.3674
218.3243,  0.8816,249.4775,  0.8805,256.6667,  1.0371,256.7928,  1.3709
220.0571,  0.8807,251.4575,  0.8796,258.7037,  1.0374,258.8308,  1.3744
221.7898,  0.8797,253.4374,  0.8786,260.7407,  1.0378,260.8689,  1.3779
223.5225,  0.8788,255.4174,  0.8777,262.7778,  1.0382,262.9069,  1.3815
225.2553,  0.8779,257.3974,  0.8767,264.8148,  1.0386,264.9449,  1.3850
226.9880,  0.8769,259.3774,  0.8758,266.8519,  1.0389,266.9830,  1.3885
228.7207,  0.8760,261.3574,  0.8748,268.8889,  1.0393,269.0210,  1.3920
230.4535,  0.8750,263.3373,  0.8739,270.9259,  1.0397,271.0591,  1.3955
232.1862,  0.8741,265.3173,  0.8729,272.9630,  1.0401,273.0971,  1.3991
233.9189,  0.8732,267.2973,  0.8720,275.0000,  1.0404,275.1351,  1.4026
235.6517,  0.8722,269.2773,  0.8710,277.0370,  1.0408,277.1732,  1.4061
237.3844,  0.8713,271.2573,  0.8702,279.0741,  1.0412,279.2112,  1.4096
239.1171,  0.8703,273.2372,  0.8705,281.1111,  1.0416,281.2492,  1.4131
240.8498,  0.8694,275.2172,  0.8707,283.1481,  1.0419,283.2873,  1.4167
242.5826,  0.8685,277.1972,  0.8710,285.1852,  1.0423,285.3253,  1.4202
244.3153,  0.8675,279.1772,  0.8712,287.2222,  1.0427,287.3634,  1.4237
246.0480,  0.8666,281.1572,  0.8715,289.2593,  1.0431,289.4014,  1.4272
247.7808,  0.8657,283.1371,  0.8717,291.2963,  1.0435,291.4394,  1.4307
249.5135,  0.8647,285.1171,  0.8720,293.3333,  1.0438,293.4775,  1.4342
251.2462,  0.8638,287.0971,  0.8722,295.3704,  1.0442,295.5155,  1.4378
252.9790,  0.8628,289.0771,  0.8725,297.4074,  1.0446,297.5536,  1.4413
254.7117,  0.8619,291.0571,  0.8727,299.4444,  1.0450,299.5916,  1.4448
256.4444,  0.8610,293.0370,  0.8730,301.4815,  1.0453,301.6296,  1.4483
258.1772,  0.8600,295.0170,  0.8732,303.5185,  1.0457,303.6677,  1.4518
259.9099,  0.8591,296.9970,  0.8734,305.5556,  1.0461,305.7057,  1.4554
261.6426,  0.8584,298.9770,  0.8737,307.5926,  1.0465,307.7437,  1.4589
263.3754,  0.8576,300.9570,  0.8739,309.6296,  1.0469,309.7818,  1.4624
265.1081,  0.8569,302.9369,  0.8753,311.6667,  1.0472,311.8198,  1.4659
266.8408,  0.8562,304.9169,  0.8766,313.7037,  1.0476,313.8579,  1.4694
268.5736,  0.8555,306.8969,  0.8779,315.7407,  1.0480,315.8959,  1.4730
270.3063,  0.8548,308.8769,  0.8793,317.7778,  1.0484,317.9339,  1.4765
272.0390,  0.8541,310.8569,  0.8806,319.8148,  1.0487,319.9720,  1.4800
273.7718,  0.8534,312.8368,  0.8820,321.8519,  1.0491,322.0100,  1.4835
275.5045,  0.8527,314.8168,  0.8833,323.8889,  1.0511,324.0480,  1.4870
277.2372,  0.8520,316.7968,  0.8848,325.9259,  1.0532,326.0861,  1.4906
278.9700,  0.8513,318.7768,  0.8865,327.9630,  1.0553,328.1241,  1.4941
280.7027,  0.8505,320.7568,  0.8882,330.0000,  1.0574,330.1622,  1.4976
282.4354,  0.8498,322.7367,  0.8899,332.0370,  1.0595,332.2002,  1.5011
284.1682,  0.8491,324.7167,  0.8916,334.0741,  1.0616,334.2382,  1.5046
285.9009,  0.8484,326.6967,  0.8933,336.1111,  1.0637,336.2763,  1.5081
287.6336,  0.8477,328.6767,  0.8950,338.1481,  1.0658,338.3143,  1.5117
289.3664,  0.8470,330.6567,  0.8967,340.1852,  1.0679,340.3524,  1.5152
291.0991,  0.8463,332.6366,  0.8984,342.2222,  1.0700,342.3904,  1.5187
292.8318,  0.8456,334.6166,  0.9001,344.2593,  1.0721,344.4284,  1.5222
294.5646,  0.8449,336.5966,  0.9018,346.2963,  1.0742,346.4665,  1.5257
296.2973,  0.8442,338.5766,  0.9035,348.3333,  1.0763,348.5045,  1.5293
298.0300,  0.8434,340.5566,  0.9052,350.3704,  1.0784,350.5425,  1.5328
299.7628,  0.8427,342.5365,  0.9069,352.4074,  1.0805,352.5806,  1.5363
301.4955,  0.8420,344.5165,  0.9086,354.4444,  1.0826,354.6186,  1.5398
303.2282,  0.8413,346.4965,  0.9103,356.4815,  1.0847,356.6567,  1.5433
304.9610,  0.8406,348.4765,  0.9120,358.5185,  1.0868,358.6947,  1.5469
306.6937,  0.8399,350.4565,  0.9137,360.5556,  1.0889,360.7327,  1.5504
308.4264,  0.8392,352.4364,  0.9154,362.5926,  1.0909,362.7708,  1.5539
310.1592,  0.8385,354.4164,  0.9171,364.6296,  1.0930,364.8088,  1.5574
311.8919,  0.8378,356.3964,  0.9188,366.6667,  1.0951,366.8468,  1.5609
313.6246,  0.8371,358.3764,  0.9205,368.7037,  1.0972,368.8849,  1.5645
315.3574,  0.8363,360.3564,  0.9222,370.7407,  1.0993,370.9229,  1.5680
317.0901,  0.8356,362.3363,  0.9240,372.7778,  1.1014,372.9610,  1.5715
318.8228,  0.8349,364.3163,  0.9257,374.8148,  1.1035,374.9990,  1.5750
320.5556,  0.8342,366.2963,  0.9274,376.8519,  1.1056,377.0370,  1.5785
322.2883,  0.8335,368.2763,  0.9291,378.8889,  1.1077,379.0751,  1.5820
324.0210,  0.8328,370.2563,  0.9308,380.9259,  1.1098,381.1131,  1.5856
325.7538,  0.8321,372.2362,  0.9325,382.9630,  1.1119,383.1512,  1.5891
327.4865,  0.8314,374.2162,  0.9342,385.0000,  1.1140,385.1892,  1.5926
329.2192,  0.8307,376.1962,  0.9359,387.0370,  1.1161,387.2272,  1.5961
330.9520,  0.8300,378.1762,  0.9376,389.0741,  1.1182,389.2653,  1.5996
332.6847,  0.8292,380.1562,  0.9393,391.1111,  1.1203,391.3033,  1.6032
334.4174,  0.8285,382.1361,  0.9410,393.1481,  1.1224,393.3413,  1.6067
336.1502,  0.8278,384.1161,  0.9427,395.1852,  1.1245,395.3794,  1.6102
337.8829,  0.8271,386.0961,  0.9444,397.2222,  1.1266,397.4174,  1.6137
339.6156,  0.8264,388.0761,  0.9461,399.2593,  1.1287,399.4555,  1.6172
341.3483,  0.8257,390.0561,  0.9478,401.2963,  1.1308,401.4935,  1.6208
343.0811,  0.8250,392.0360,  0.9495,403.3333,  1.1329,403.5315,  1.6243
344.8138,  0.8243,394.0160,  0.9512,405.3704,  1.1350,405.5696,  1.6278
346.5465,  0.8236,395.9960,  0.9529,407.4074,  1.1371,407.6076,  1.6313
348.2793,  0.8229,397.9760,  0.9546,409.4444,  1.1392,409.6456,  1.6348
350.0120,  0.8221,399.9560,  0.9563,411.4815,  1.1413,411.6837,  1.6384
351.7447,  0.8214,401.9359,  0.9580,413.5185,  1.1434,413.7217,  1.6419
353.4775,  0.8207,403.9159,  0.9597,415.5556,  1.1455,415.7598,  1.6454
355.2102,  0.8200,405.8959,  0.9614,417.5926,  1.1476,417.7978,  1.6489
356.9429,  0.8193,407.8759,  0.9631,419.6296,  1.1497,419.8358,  1.6524
358.6757,  0.8186,409.8559,  0.9648,421.6667,  1.1518,421.8739,  1.6559
360.4084,  0.8179,411.8358,  0.9665,423.7037,  1.1539,423.9119,  1.6595
362.1411,  0.8172,413.8158,  0.9682,425.7407,  1.1560,425.9499,  1.6630
363.8739,  0.8165,415.7958,  0.9699,427.7778,  1.1581,427.9880,  1.6665
365.6066,  0.8158,417.7758,  0.9716,429.8148,  1.1602,430.0260,  1.6700
367.3393,  0.8150,419.7558,  0.9733,431.8519,  1.1623,432.0641,  1.6735
369.0721,  0.8143,421.7357,  0.9750,433.8889,  1.1644,434.1021,  1.6771
370.8048,  0.8136,423.7157,  0.9767,435.9259,  1.1665,436.1401,  1.6806
372.5375,  0.8129,425.6957,  0.9785,437.9630,  1.1685,438.1782,  1.6841
374.2703,  0.8122,427.6757,  0.9802,440.0000,  1.1706,440.2162,  1.6876
376.0030,  0.8115,429.6557,  0.9819,442.0370,  1.1727,442.2543,  1.6911
377.7357,  0.8108,431.6356,  0.9836,444.0741,  1.1748,444.2923,  1.6947
379.4685,  0.8101,433.6156,  0.9853,446.1111,  1.1769,446.3303,  1.6982
381.2012,  0.8094,435.5956,  0.9870,448.1481,  1.1790,448.3684,  1.7017
382.9339,  0.8087,437.5756,  0.9887,450.1852,  1.1811,450.4064,  1.7052
384.6667,  0.8079,439.5556,  0.9904,452.2222,  1.1832,452.4444,  1.7087
386.3994,  0.8072,441.5355,  0.9921,454.2593,  1.1853,454.4825,  1.7123
388.1321,  0.8065,443.5155,  0.9938,456.2963,  1.1874,456.5205,  1.7158
389.8649,  0.8058,445.4955,  0.9955,458.3333,  1.1895,458.5586,  1.7193
391.5976,  0.8051,447.4755,  0.9972,460.3704,  1.1916,460.5966,  1.7228
393.3303,  0.8044,449.4555,  0.9989,462.4074,  1.1937,462.6346,  1.7263
395.0631,  0.8037,451.4354,  1.0006,464.4444,  1.1958,464.6727,  1.7298
396.7958,  0.8030,453.4154,  1.0023,466.4815,  1.1979,466.7107,  1.7334
398.5285,  0.8023,455.3954,  1.0040,468.5185,  1.2000,468.7487,  1.7369
400.2613,  0.8016,457.3754,  1.0057,470.5556,  1.2021,470.7868,  1.7404
401.9940,  0.8008,459.3554,  1.0074,472.5926,  1.2042,472.8248,  1.7439
403.7267,  0.8001,461.3353,  1.0091,474.6296,  1.2063,474.8629,  1.7474
405.4595,  0.7994,463.3153,  1.0108,476.6667,  1.2084,476.9009,  1.7510
407.1922,  0.7987,465.2953,  1.0125,478.7037,  1.2105,478.9389,  1.7545
408.9249,  0.7980,467.2753,  1.0142,480.7407,  1.2126,480.9770,  1.7580
410.6577,  0.7973,469.2553,  1.0159,482.7778,  1.2147,483.0150,  1.7615
412.3904,  0.7966,471.2352,  1.0176,484.8148,  1.2168,485.0531,  1.7650
414.1231,  0.7959,473.2152,  1.0193,486.8519,  1.2189,487.0911,  1.7686
415.8559,  0.7952,475.1952,  1.0210,488.8889,  1.2210,489.1291,  1.7720
417.5886,  0.7945,477.1752,  1.0227,490.9259,  1.2231,491.1672,  1.7743
419.3213,  0.7938,479.1552,  1.0244,492.9630,  1.2252,493.2052,  1.7767
421.0541,  0.7930,481.1351,  1.0261,495.0000,  1.2273,495.2432,  1.7790
422.7868,  0.7923,483.1151,  1.0278,497.0370,  1.2294,497.2813,  1.7814
424.5195,  0.7916,485.0951,  1.0295,499.0741,  1.2315,499.3193,  1.7837
426.2523,  0.7909,487.0751,  1.0313,501.1111,  1.2336,501.3574,  1.7860
427.9850,  0.7902,489.0551,  1.0330,503.1481,  1.2357,503.3954,  1.7884
429.7177,  0.7895,491.0350,  1.0347,505.1852,  1.2378,505.4334,  1.7898
431.4505,  0.7888,493.0150,  1.0364,507.2222,  1.2399,507.4715,  1.7909
433.1832,  0.7881,494.9950,  1.0381,509.2593,  1.2420,509.5095,  1.7919
434.9159,  0.7874,496.9750,  1.0398,511.2963,  1.2440,511.5475,  1.7930
436.6486,  0.7867,498.9550,  1.0415,513.3333,  1.2461,513.5856,  1.7940
438.3814,  0.7859,500.9349,  1.0432,515.3704,  1.2478,515.6236,  1.7951
440.1141,  0.7852,502.9149,  1.0449,517.4074,  1.2493,517.6617,  1.7961
441.8468,  0.7845,504.8949,  1.0466,519.4444,  1.2508,519.6997,  1.7972
443.5796,  0.7838,506.8749,  1.0483,521.4815,  1.2523,521.7377,  1.7982
445.3123,  0.7831,508.8549,  1.0500,523.5185,  1.2538,523.7758,  1.7993
447.0450,  0.7824,510.8348,  1.0517,525.5556,  1.2553,525.8138,  1.8003
448.7778,  0.7817,512.8148,  1.0534,527.5926,  1.2568,527.8519,  1.8014
450.5105,  0.7810,514.7948,  1.0551,529.6296,  1.2582,529.8899,  1.8024
452.2432,  0.7803,516.7748,  1.0568,531.6667,  1.2597,531.9279,  1.8035
453.9760,  0.7796,518.7548,  1.0585,533.7037,  1.2612,533.9660,  1.8045
455.7087,  0.7788,520.7347,  1.0602,535.7407,  1.2627,536.0040,  1.8056
457.4414,  0.7781,522.7147,  1.0619,537.7778,  1.2642,538.0420,  1.8067
459.1742,  0.7774,524.6947,  1.0636,539.8148,  1.2657,540.0801,  1.8077
460.9069,  0.7767,526.6747,  1.0653,541.8519,  1.2672,542.1181,  1.8088
462.6396,  0.7760,528.6547,  1.0671,543.8889,  1.2687,544.1562,  1.8098
464.3724,  0.7753,530.6346,  1.0688,545.9259,  1.2701,546.1942,  1.8109
466.1051,  0.7746,532.6146,  1.0705,547.9630,  1.2716,548.2322,  1.8119
467.8378,  0.7739,534.5946,  1.0722,550.0000,  1.2731,550.2703,  1.8130
469.5706,  0.7732,536.5746,  1.0740,552.0370,  1.2746,552.3083,  1.8140
471.3033,  0.7725,538.5546,  1.0757,554.0741,  1.2761,554.3463,  1.8151
473.0360,  0.7717,540.5345,  1.0774,556.1111,  1.2776,556.3844,  1.8161
474.7688,  0.7710,542.5145,  1.0791,558.1481,  1.2791,558.4224,  1.8172
476.5015,  0.7703,544.4945,  1.0808,560.1852,  1.2805,560.4605,  1.8182
478.2342,  0.7696,546.4745,  1.0826,562.2222,  1.2820,562.4985,  1.8193
479.9670,  0.7689,548.4545,  1.0843,564.2593,  1.2835,564.5365,  1.8203
481.6997,  0.7682,550.4344,  1.0860,566.2963,  1.2850,566.5746,  1.8214
483.4324,  0.7675,552.4144,  1.0877,568.3333,  1.2865,568.6126,  1.8224
485.1652,  0.7668,554.3944,  1.0895,570.3704,  1.2880,570.6507,  1.8235
486.8979,  0.7661,556.3744,  1.0912,572.4074,  1.2895,572.6887,  1.8245
488.6306,  0.7654,558.3544,  1.0929,574.4444,  1.2910,574.7267,  1.8256
490.3634,  0.7646,560.3343,  1.0946,576.4815,  1.2924,576.7648,  1.8266
492.0961,  0.7639,562.3143,  1.0964,578.5185,  1.2939,578.8028,  1.8277
493.8288,  0.7632,564.2943,  1.0981,580.5556,  1.2954,580.8408,  1.8287
495.5616,  0.7625,566.2743,  1.0998,582.5926,  1.2969,582.8789,  1.8298
497.2943,  0.7618,568.2543,  1.1015,584.6296,  1.2984,584.9169,  1.8309
499.0270,  0.7611,570.2342,  1.1033,586.6667,  1.2999,586.9550,  1.8319
500.7598,  0.7604,572.2142,  1.1050,588.7037,  1.3014,588.9930,  1.8330
502.4925,  0.7597,574.1942,  1.1067,590.7407,  1.3029,591.0310,  1.8340
504.2252,  0.7590,576.1742,  1.1084,592.7778,  1.3043,593.0691,  1.8351
505.9580,  0.7583,578.1542,  1.1102,594.8148,  1.3058,595.1071,  1.8361
507.6907,  0.7575,580.1341,  1.1119,596.8519,  1.3073,597.1451,  1.8372
509.4234,  0.7568,582.1141,  1.1136,598.8889,  1.3088,599.1832,  1.8382
511.1562,  0.7561,584.0941,  1.1153,600.9259,  1.3103,601.2212,  1.8393
512.8889,  0.7554,586.0741,  1.1171,602.9630,  1.3118,603.2593,  1.8403
514.6216,  0.7547,588.0541,  1.1188,605.0000,  1.3133,605.2973,  1.8414
516.3544,  0.7540,590.0340,  1.1205,607.0370,  1.3147,607.3353,  1.8424
518.0871,  0.7533,592.0140,  1.1222,609.0741,  1.3162,609.3734,  1.8435
519.8198,  0.7526,593.9940,  1.1239,611.1111,  1.3177,611.4114,  1.8445
521.5526,  0.7519,595.9740,  1.1257,613.1481,  1.3192,613.4494,  1.8456
523.2853,  0.7512,597.9540,  1.1274,615.1852,  1.3207,615.4875,  1.8466
525.0180,  0.7504,599.9339,  1.1291,617.2222,  1.3222,617.5255,  1.8477
526.7508,  0.7497,601.9139,  1.1308,619.2593,  1.3237,619.5636,  1.8487
528.4835,  0.7490,603.8939,  1.1326,621.2963,  1.3252,621.6016,  1.8498
530.2162,  0.7492,605.8739,  1.1343,623.3333,  1.3262,623.6396,  1.8508
531.9489,  0.7498,607.8539,  1.1360,625.3704,  1.3250,625.6777,  1.8519
533.6817,  0.7504,609.8338,  1.1377,627.4074,  1.3237,627.7157,  1.8530
535.4144,  0.7510,611.8138,  1.1403,629.4444,  1.3225,629.7538,  1.8540
537.1471,  0.7516,613.7938,  1.1430,631.4815,  1.3213,631.7918,  1.8551
538.8799,  0.7521,615.7738,  1.1457,633.5185,  1.3200,633.8298,  1.8561
540.6126,  0.7527,617.7538,  1.1484,635.5556,  1.3188,635.8679,  1.8572
542.3453,  0.7533,619.7337,  1.1511,637.5926,  1.3175,637.9059,  1.8582
544.0781,  0.7539,621.7137,  1.1538,639.6296,  1.3163,639.9439,  1.8593
545.8108,  0.7545,623.6937,  1.1565,641.6667,  1.3151,641.9820,  1.8603
547.5435,  0.7551,625.6737,  1.1592,643.7037,  1.3138,644.0200,  1.8614
549.2763,  0.7556,627.6537,  1.1618,645.7407,  1.3126,646.0581,  1.8624
551.0090,  0.7562,629.6336,  1.1645,647.7778,  1.3114,648.0961,  1.8635
552.7417,  0.7568,631.6136,  1.1672,649.8148,  1.3101,650.1341,  1.8645
554.4745,  0.7574,633.5936,  1.1699,651.8519,  1.3089,652.1722,  1.8656
556.2072,  0.7580,635.5736,  1.1726,653.8889,  1.3077,654.2102,  1.8666
557.9399,  0.7586,637.5536,  1.1753,655.9259,  1.3064,656.2482,  1.8677
559.6727,  0.7591,639.5335,  1.1780,657.9630,  1.3052,658.2863,  1.8687
561.4054,  0.7597,641.5135,  1.1807,660.0000,  1.3039,660.3243,  1.8698
563.1381,  0.7603,643.4935,  1.1834,662.0370,  1.3027,662.3624,  1.8708
564.8709,  0.7609,645.4735,  1.1860,664.0741,  1.3015,664.4004,  1.8719
566.6036,  0.7615,647.4535,  1.1887,666.1111,  1.3002,666.4384,  1.8729
568.3363,  0.7621,649.4334,  1.1914,668.1481,  1.2990,668.4765,  1.8740
570.0691,  0.7626,651.4134,  1.1941,670.1852,  1.2978,670.5145,  1.8751
571.8018,  0.7632,653.3934,  1.1968,672.2222,  1.2965,672.5526,  1.8761
573.5345,  0.7638,655.3734,  1.1995,674.2593,  1.2953,674.5906,  1.8772
575.2673,  0.7644,657.3534,  1.2022,676.2963,  1.2941,676.6286,  1.8782
577.0000,  0.7650,659.3333,  1.2049,678.3333,  1.2928,678.6667,  1.8793
578.7327,  0.7656,661.3133,  1.2075,680.3704,  1.2916,680.7047,  1.8803
580.4655,  0.7661,663.2933,  1.2102,682.4074,  1.2903,682.7427,  1.8814
582.1982,  0.7667,665.2733,  1.2129,684.4444,  1.2891,684.7808,  1.8824
583.9309,  0.7673,667.2533,  1.2156,686.4815,  1.2879,686.8188,  1.8835
585.6637,  0.7679,669.2332,  1.2183,688.5185,  1.2866,688.8569,  1.8845
587.3964,  0.7685,671.2132,  1.2210,690.5556,  1.2854,690.8949,  1.8856
589.1291,  0.7690,673.1932,  1.2237,692.5926,  1.2842,692.9329,  1.8866
590.8619,  0.7696,675.1732,  1.2264,694.6296,  1.2829,694.9710,  1.8877
592.5946,  0.7702,677.1532,  1.2290,696.6667,  1.2817,697.0090,  1.8887
594.3273,  0.7708,679.1331,  1.2317,698.7037,  1.2805,699.0470,  1.8898
596.0601,  0.7714,681.1131,  1.2344,700.7407,  1.2792,701.0851,  1.8908
597.7928,  0.7720,683.0931,  1.2371,702.7778,  1.2780,703.1231,  1.8919
599.5255,  0.7725,685.0731,  1.2398,704.8148,  1.2768,705.1612,  1.8929
601.2583,  0.7731,687.0531,  1.2425,706.8519,  1.2755,707.1992,  1.8940
602.9910,  0.7737,689.0330,  1.2452,708.8889,  1.2743,709.2372,  1.8950
604.7237,  0.7743,691.0130,  1.2479,710.9259,  1.2730,711.2753,  1.8961
606.4565,  0.7749,692.9930,  1.2505,712.9630,  1.2718,713.3133,  1.8972
608.1892,  0.7755,694.9730,  1.2532,715.0000,  1.2706,715.3514,  1.8982
609.9219,  0.7760,696.9530,  1.2559,717.0370,  1.2693,717.3894,  1.8993
611.6547,  0.7766,698.9329,  1.2586,719.0741,  1.2681,719.4274,  1.9003
613.3874,  0.7772,700.9129,  1.2613,721.1111,  1.2669,721.4655,  1.9014
615.1201,  0.7778,702.8929,  1.2640,723.1481,  1.2656,723.5035,  1.9024
616.8529,  0.7784,704.8729,  1.2667,725.1852,  1.2644,725.5415,  1.9035
618.5856,  0.7790,706.8529,  1.2694,727.2222,  1.2632,727.5796,  1.9045
620.3183,  0.7795,708.8328,  1.2720,729.2593,  1.2619,729.6176,  1.9056
622.0511,  0.7801,710.8128,  1.2747,731.2963,  1.2607,731.6557,  1.9066
623.7838,  0.7807,712.7928,  1.2774,733.3333,  1.2594,733.6937,  1.9077
625.5165,  0.7813,714.7728,  1.2801,735.3704,  1.2582,735.7317,  1.9087
627.2492,  0.7819,716.7528,  1.2828,737.4074,  1.2570,737.7698,  1.9098
628.9820,  0.7825,718.7327,  1.2855,739.4444,  1.2557,739.8078,  1.9108
630.7147,  0.7830,720.7127,  1.2882,741.4815,  1.2545,741.8458,  1.9119
632.4474,  0.7836,722.6927,  1.2909,743.5185,  1.2533,743.8839,  1.9129
634.1802,  0.7842,724.6727,  1.2936,745.5556,  1.2520,745.9219,  1.9140
635.9129,  0.7848,726.6527,  1.2962,747.5926,  1.2508,747.9600,  1.9150
637.6456,  0.7854,728.6326,  1.2989,749.6296,  1.2496,749.9980,  1.9161
639.3784,  0.7860,730.6126,  1.3016,751.6667,  1.2483,752.0360,  1.9174
641.1111,  0.7865,732.5926,  1.3043,753.7037,  1.2471,754.0741,  1.9188
642.8438,  0.7871,734.5726,  1.3070,755.7407,  1.2458,756.1121,  1.9201
644.5766,  0.7877,736.5526,  1.3097,757.7778,  1.2446,758.1502,  1.9214
646.3093,  0.7883,738.5325,  1.3124,759.8148,  1.2434,760.1882,  1.9228
648.0420,  0.7889,740.5125,  1.3151,761.8519,  1.2421,762.2262,  1.9241
649.7748,  0.7895,742.4925,  1.3177,763.8889,  1.2409,764.2643,  1.9255
651.5075,  0.7900,744.4725,  1.3204,765.9259,  1.2397,766.3023,  1.9268
653.2402,  0.7906,746.4525,  1.3231,767.9630,  1.2384,768.3403,  1.9281
654.9730,  0.7912,748.4324,  1.3258,770.0000,  1.2372,770.3784,  1.9295
656.7057,  0.7918,750.4124,  1.3285,772.0370,  1.2360,772.4164,  1.9308
658.4384,  0.7924,752.3924,  1.3312,774.0741,  1.2348,774.4545,  1.9322
660.1712,  0.7930,754.3724,  1.3339,776.1111,  1.2347,776.4925,  1.9335
661.9039,  0.7935,756.3524,  1.3366,778.1481,  1.2347,778.5305,  1.9348
663.6366,  0.7941,758.3323,  1.3392,780.1852,  1.2346,780.5686,  1.9362
665.3694,  0.7947,760.3123,  1.3419,782.2222,  1.2345,782.6066,  1.9376
667.1021,  0.7953,762.2923,  1.3446,784.2593,  1.2345,784.6446,  1.9390
668.8348,  0.7959,764.2723,  1.3473,786.2963,  1.2344,786.6827,  1.9404
670.5676,  0.7965,766.2523,  1.3500,788.3333,  1.2344,788.7207,  1.9419
672.3003,  0.7970,768.2322,  1.3527,790.3704,  1.2343,790.7588,  1.9433
674.0330,  0.7976,770.2122,  1.3554,792.4074,  1.2343,792.7968,  1.9447
675.7658,  0.7982,772.1922,  1.3581,794.4444,  1.2342,794.8348,  1.9461
677.4985,  0.7988,774.1722,  1.3607,796.4815,  1.2341,796.8729,  1.9475
679.2312,  0.7994,776.1522,  1.3634,798.5185,  1.2341,798.9109,  1.9489
680.9640,  0.8000,778.1321,  1.3661,800.5556,  1.2340,800.9489,  1.9503
682.6967,  0.8005,780.1121,  1.3688,802.5926,  1.2340,802.9870,  1.9518
684.4294,  0.8011,782.0921,  1.3715,804.6296,  1.2339,805.0250,  1.9532
686.1622,  0.8017,784.0721,  1.3742,806.6667,  1.2339,807.0631,  1.9546
687.8949,  0.8023,786.0521,  1.3771,808.7037,  1.2338,809.1011,  1.9560
689.6276,  0.8029,788.0320,  1.3803,810.7407,  1.2338,811.1391,  1.9574
691.3604,  0.8035,790.0120,  1.3835,812.7778,  1.2337,813.1772,  1.9588
693.0931,  0.8040,791.9920,  1.3867,814.8148,  1.2336,815.2152,  1.9603
694.8258,  0.8046,793.9720,  1.3899,816.8519,  1.2336,817.2533,  1.9617
696.5586,  0.8052,795.9520,  1.3931,818.8889,  1.2335,819.2913,  1.9631
698.2913,  0.8058,797.9319,  1.3963,820.9259,  1.2335,821.3293,  1.9645
700.0240,  0.8064,799.9119,  1.3995,822.9630,  1.2334,823.3674,  1.9659
701.7568,  0.8070,801.8919,  1.4027,825.0000,  1.2334,825.4054,  1.9673
703.4895,  0.8075,803.8719,  1.4059,827.0370,  1.2333,827.4434,  1.9687
705.2222,  0.8081,805.8519,  1.4086,829.0741,  1.2333,829.4815,  1.9702
706.9550,  0.8087,807.8318,  1.4106,831.1111,  1.2332,831.5195,  1.9716
708.6877,  0.8093,809.8118,  1.4126,833.1481,  1.2331,833.5576,  1.9730
710.4204,  0.8099,811.7918,  1.4146,835.1852,  1.2331,835.5956,  1.9744
712.1532,  0.8104,813.7718,  1.4166,837.2222,  1.2330,837.6336,  1.9758
713.8859,  0.8110,815.7518,  1.4186,839.2593,  1.2330,839.6717,  1.9772
715.6186,  0.8116,817.7317,  1.4206,841.2963,  1.2329,841.7097,  1.9786
717.3514,  0.8122,819.7117,  1.4226,843.3333,  1.2329,843.7477,  1.9801
719.0841,  0.8128,821.6917,  1.4246,845.3704,  1.2328,845.7858,  1.9815
720.8168,  0.8134,823.6717,  1.4266,847.4074,  1.2327,847.8238,  1.9829
722.5495,  0.8139,825.6517,  1.4286,849.4444,  1.2327,849.8619,  1.9843
724.2823,  0.8145,827.6316,  1.4306,851.4815,  1.2326,851.8999,  1.9857
726.0150,  0.8151,829.6116,  1.4326,853.5185,  1.2326,853.9379,  1.9871
727.7477,  0.8157,831.5916,  1.4346,855.5556,  1.2325,855.9760,  1.9886
729.4805,  0.8163,833.5716,  1.4365,857.5926,  1.2325,858.0140,  1.9900
731.2132,  0.8169,835.5516,  1.4385,859.6296,  1.2324,860.0521,  1.9914
732.9459,  0.8174,837.5315,  1.4405,861.6667,  1.2324,862.0901,  1.9928
734.6787,  0.8180,839.5115,  1.4425,863.7037,  1.2323,864.1281,  1.9942
736.4114,  0.8186,841.4915,  1.4445,865.7407,  1.2322,866.1662,  1.9956
738.1441,  0.8192,843.4715,  1.4465,867.7778,  1.2322,868.2042,  1.9970
739.8769,  0.8198,845.4515,  1.4485,869.8148,  1.2321,870.2422,  1.9985
741.6096,  0.8204,847.4314,  1.4505,871.8519,  1.2321,872.2803,  1.9999
743.3423,  0.8209,849.4114,  1.4525,873.8889,  1.2320,874.3183,  2.0013
745.0751,  0.8215,851.3914,  1.4545,875.9259,  1.2336,876.3564,  2.0027
746.8078,  0.8221,853.3714,  1.4565,877.9630,  1.2353,878.3944,  2.0041
748.5405,  0.8227,855.3514,  1.4585,880.0000,  1.2371,880.4324,  2.0055
750.2733,  0.8233,857.3313,  1.4605,882.0370,  1.2388,882.4705,  2.0069
752.0060,  0.8239,859.3113,  1.4625,884.0741,  1.2405,884.5085,  2.0084
753.7387,  0.8244,861.2913,  1.4645,886.1111,  1.2422,886.5465,  2.0098
755.4715,  0.8250,863.2713,  1.4665,888.1481,  1.2439,888.5846,  2.0112
757.2042,  0.8256,865.2513,  1.4685,890.1852,  1.2456,890.6226,  2.0126
758.9369,  0.8262,867.2312,  1.4704,892.2222,  1.2473,892.6607,  2.0140
760.6697,  0.8268,869.2112,  1.4724,894.2593,  1.2490,894.6987,  2.0154
762.4024,  0.8274,871.1912,  1.4744,896.2963,  1.2507,896.7367,  2.0169
764.1351,  0.8279,873.1712,  1.4764,898.3333,  1.2525,898.7748,  2.0183
765.8679,  0.8285,875.1512,  1.4784,900.3704,  1.2542,900.8128,  2.0197
767.6006,  0.8291,877.1311,  1.4804,902.4074,  1.2559,902.8509,  2.0211
769.3333,  0.8297,879.1111,  1.4824,904.4444,  1.2576,904.8889,  2.0225
771.0661,  0.8303,881.0911,  1.4844,906.4815,  1.2593,906.9269,  2.0239
772.7988,  0.8309,883.0711,  1.4864,908.5185,  1.2610,908.9650,  2.0253
774.5315,  0.8314,885.0511,  1.4875,910.5556,  1.2627,911.0030,  2.0268
776.2643,  0.8320,887.0310,  1.4886,912.5926,  1.2644,913.0410,  2.0282
777.9970,  0.8326,889.0110,  1.4897,914.6296,  1.2661,915.0791,  2.0296
779.7297,  0.8332,890.9910,  1.4908,916.6667,  1.2679,917.1171,  2.0310
781.4625,  0.8338,892.9710,  1.4919,918.7037,  1.2696,919.1552,  2.0324
783.1952,  0.8344,894.9510,  1.4930,920.7407,  1.2713,921.1932,  2.0338
784.9279,  0.8349,896.9309,  1.4941,922.7778,  1.2730,923.2312,  2.0353
786.6607,  0.8355,898.9109,  1.4952,924.8148,  1.2747,925.2693,  2.0367
788.3934,  0.8361,900.8909,  1.4963,926.8519,  1.2764,927.3073,  2.0381
790.1261,  0.8368,902.8709,  1.4975,928.8889,  1.2781,929.3453,  2.0395
791.8589,  0.8387,904.8509,  1.4986,930.9259,  1.2798,931.3834,  2.0409
793.5916,  0.8407,906.8308,  1.4997,932.9630,  1.2815,933.4214,  2.0423
795.3243,  0.8427,908.8108,  1.5008,935.0000,  1.2833,935.4595,  2.0437
797.0571,  0.8446,910.7908,  1.5019,937.0370,  1.2850,937.4975,  2.0452
798.7898,  0.8466,912.7708,  1.5030,939.0741,  1.2867,939.5355,  2.0466
800.5225,  0.8485,914.7508,  1.5041,941.1111,  1.2884,941.5736,  2.0480
802.2553,  0.8505,916.7307,  1.5052,943.1481,  1.2901,943.6116,  2.0494
803.9880,  0.8525,918.7107,  1.5063,945.1852,  1.2918,945.6496,  2.0508
805.7207,  0.8544,920.6907,  1.5074,947.2222,  1.2935,947.6877,  2.0522
807.4535,  0.8564,922.6707,  1.5086,949.2593,  1.2952,949.7257,  2.0536
809.1862,  0.8584,924.6507,  1.5097,951.2963,  1.2969,951.7638,  2.0551
810.9189,  0.8603,926.6306,  1.5108,953.3333,  1.2987,953.8018,  2.0565
812.6517,  0.8623,928.6106,  1.5119,955.3704,  1.3004,955.8398,  2.0579
814.3844,  0.8642,930.5906,  1.5130,957.4074,  1.3021,957.8779,  2.0593
816.1171,  0.8662,932.5706,  1.5141,959.4444,  1.3038,959.9159,  2.0607
817.8498,  0.8682,934.5506,  1.5152,961.4815,  1.3055,961.9540,  2.0621
819.5826,  0.8701,936.5305,  1.5163,963.5185,  1.3072,963.9920,  2.0636
821.3153,  0.8721,938.5105,  1.5174,965.5556,  1.3089,966.0300,  2.0650
823.0480,  0.8740,940.4905,  1.5185,967.5926,  1.3106,968.0681,  2.0664
824.7808,  0.8760,942.4705,  1.5196,969.6296,  1.3123,970.1061,  2.0678
826.5135,  0.8780,944.4505,  1.5208,971.6667,  1.3140,972.1441,  2.0692
828.2462,  0.8799,946.4304,  1.5219,973.7037,  1.3158,974.1822,  2.0706
829.9790,  0.8819,948.4104,  1.5230,975.7407,  1.3175,976.2202,  2.0720
831.7117,  0.8838,950.3904,  1.5241,977.7778,  1.3192,978.2583,  2.0735
833.4444,  0.8858,952.3704,  1.5252,979.8148,  1.3209,980.2963,  2.0749
835.1772,  0.8878,954.3504,  1.5263,981.8519,  1.3226,982.3343,  2.0763
836.9099,  0.8897,956.3303,  1.5274,983.8889,  1.3243,984.3724,  2.0777
838.6426,  0.8917,958.3103,  1.5285,985.9259,  1.3260,986.4104,  2.0791
840.3754,  0.8936,960.2903,  1.5296,987.9630,  1.3277,988.4484,  2.0805
842.1081,  0.8956,962.2703,  1.5307,990.0000,  1.3294,990.4865,  2.0810
843.8408,  0.8976,964.2503,  1.5318,992.0370,  1.3312,992.5245,  2.0811
845.5736,  0.8995,966.2302,  1.5330,994.0741,  1.3329,994.5626,  2.0812
847.3063,  0.9015,968.2102,  1.5341,996.1111,  1.3346,996.6006,  2.0813
849.0390,  0.9034,970.1902,  1.5352,998.1481,  1.3363,998.6386,  2.0814
850.7718,  0.9054,972.1702,  1.5363,1000.1852,  1.3380,1000.6767,  2.0815
852.5045,  0.9074,974.1502,  1.5374,1002.2222,  1.3397,1002.7147,  2.0816
854.2372,  0.9093,976.1301,  1.5385,1004.2593,  1.3414,1004.7528,  2.0817
855.9700,  0.9113,978.1101,  1.5396,1006.2963,  1.3431,1006.7908,  2.0818
857.7027,  0.9132,980.0901,  1.5407,1008.3333,  1.3448,1008.8288,  2.0819
859.4354,  0.9152,982.0701,  1.5418,1010.3704,  1.3466,1010.8669,  2.0820
861.1682,  0.9172,984.0501,  1.5429,1012.4074,  1.3483,1012.9049,  2.0821
862.9009,  0.9191,986.0300,  1.5440,1014.4444,  1.3500,1014.9429,  2.0822
864.6336,  0.9211,988.0100,  1.5452,1016.4815,  1.3517,1016.9810,  2.0823
866.3664,  0.9230,989.9900,  1.5463,1018.5185,  1.3534,1019.0190,  2.0824
868.0991,  0.9250,991.9700,  1.5474,1020.5556,  1.3551,1021.0571,  2.0825
869.8318,  0.9270,993.9499,  1.5485,1022.5926,  1.3568,1023.0951,  2.0827
871.5646,  0.9289,995.9299,  1.5496,1024.6296,  1.3585,1025.1331,  2.0828
873.2973,  0.9309,997.9099,  1.5507,1026.6667,  1.3602,1027.1712,  2.0829
875.0300,  0.9328,999.8899,  1.5518,1028.7037,  1.3620,1029.2092,  2.0830
876.7628,  0.9348,1001.8699,  1.5529,1030.7407,  1.3637,1031.2472,  2.0831
878.4955,  0.9368,1003.8498,  1.5540,1032.7778,  1.3654,1033.2853,  2.0832
880.2282,  0.9387,1005.8298,  1.5551,1034.8148,  1.3671,1035.3233,  2.0833
881.9610,  0.9407,1007.8098,  1.5562,1036.8519,  1.3687,1037.3614,  2.0834
883.6937,  0.9426,1009.7898,  1.5574,1038.8889,  1.3704,1039.3994,  2.0843
885.4264,  0.9446,1011.7698,  1.5585,1040.9259,  1.3720,1041.4374,  2.0855
887.1592,  0.9466,1013.7497,  1.5596,1042.9630,  1.3737,1043.4755,  2.0868
888.8919,  0.9485,1015.7297,  1.5607,1045.0000,  1.3753,1045.5135,  2.0881
890.6246,  0.9505,1017.7097,  1.5618,1047.0370,  1.3769,1047.5516,  2.0893
892.3574,  0.9524,1019.6897,  1.5629,1049.0741,  1.3786,1049.5896,  2.0906
894.0901,  0.9544,1021.6697,  1.5640,1051.1111,  1.3802,1051.6276,  2.0919
895.8228,  0.9564,1023.6496,  1.5651,1053.1481,  1.3819,1053.6657,  2.0931
897.5556,  0.9583,1025.6296,  1.5662,1055.1852,  1.3835,1055.7037,  2.0944
899.2883,  0.9603,1027.6096,  1.5673,1057.2222,  1.3852,1057.7417,  2.0956
901.0210,  0.9622,1029.5896,  1.5683,1059.2593,  1.3868,1059.7798,  2.0969
902.7538,  0.9642,1031.5696,  1.5689,1061.2963,  1.3884,1061.8178,  2.0982
904.4865,  0.9662,1033.5495,  1.5696,1063.3333,  1.3901,1063.8559,  2.0994
906.2192,  0.9681,1035.5295,  1.5702,1065.3704,  1.3917,1065.8939,  2.1007
907.9520,  0.9701,1037.5095,  1.5709,1067.4074,  1.3934,1067.9319,  2.1020
909.6847,  0.9720,1039.4895,  1.5715,1069.4444,  1.3950,1069.9700,  2.1032
911.4174,  0.9740,1041.4695,  1.5722,1071.4815,  1.3967,1072.0080,  2.1045
913.1502,  0.9760,1043.4494,  1.5728,1073.5185,  1.3983,1074.0460,  2.1058
914.8829,  0.9779,1045.4294,  1.5734,1075.5556,  1.3999,1076.0841,  2.1070
916.6156,  0.9799,1047.4094,  1.5741,1077.5926,  1.4016,1078.1221,  2.1083
918.3483,  0.9818,1049.3894,  1.5747,1079.6296,  1.4032,1080.1602,  2.1095
920.0811,  0.9838,1051.3694,  1.5754,1081.6667,  1.4049,1082.1982,  2.1108
921.8138,  0.9858,1053.3493,  1.5760,1083.7037,  1.4065,1084.2362,  2.1121
923.5465,  0.9877,1055.3293,  1.5766,1085.7407,  1.4082,1086.2743,  2.1133
925.2793,  0.9897,1057.3093,  1.5773,1087.7778,  1.4098,1088.3123,  2.1146
927.0120,  0.9916,1059.2893,  1.5779,1089.8148,  1.4114,1090.3504,  2.1159
928.7447,  0.9936,1061.2693,  1.5786,1091.8519,  1.4131,1092.3884,  2.1171
930.4775,  0.9956,1063.2492,  1.5792,1093.8889,  1.4147,1094.4264,  2.1184
932.2102,  0.9975,1065.2292,  1.5798,1095.9259,  1.4164,1096.4645,  2.1196
933.9429,  0.9995,1067.2092,  1.5817,1097.9630,  1.4180,1098.5025,  2.1209
935.6757,  1.0014,1069.1892,  1.5842,1100.0000,  1.4197,1100.5405,  2.1222
937.4084,  1.0034,1071.1692,  1.5868,1102.0370,  1.4213,1102.5786,  2.1234
939.1411,  1.0054,1073.1491,  1.5894,1104.0741,  1.4229,1104.6166,  2.1247
940.8739,  1.0073,1075.1291,  1.5919,1106.1111,  1.4246,1106.6547,  2.1260
942.6066,  1.0093,1077.1091,  1.5945,1108.1481,  1.4262,1108.6927,  2.1272
944.3393,  1.0112,1079.0891,  1.5970,1110.1852,  1.4279,1110.7307,  2.1285
946.0721,  1.0132,1081.0691,  1.5996,1112.2222,  1.4295,1112.7688,  2.1298
947.8048,  1.0152,1083.0490,  1.6022,1114.2593,  1.4311,1114.8068,  2.1310
949.5375,  1.0171,1085.0290,  1.6047,1116.2963,  1.4328,1116.8448,  2.1323
951.2703,  1.0191,1087.0090,  1.6073,1118.3333,  1.4344,1118.8829,  2.1335
953.0030,  1.0210,1088.9890,  1.6099,1120.3704,  1.4361,1120.9209,  2.1348
954.7357,  1.0230,1090.9690,  1.6124,1122.4074,  1.4377,1122.9590,  2.1361
956.4685,  1.0250,1092.9489,  1.6150,1124.4444,  1.4394,1124.9970,  2.1373
958.2012,  1.0269,1094.9289,  1.6176,1126.4815,  1.4410,1127.0350,  2.1386
959.9339,  1.0289,1096.9089,  1.6201,1128.5185,  1.4426,1129.0731,  2.1399
961.6667,  1.0309,1098.8889,  1.6227,1130.5556,  1.4443,1131.1111,  2.1411
963.3994,  1.0328,1100.8689,  1.6253,1132.5926,  1.4459,1133.1491,  2.1424
965.1321,  1.0348,1102.8488,  1.6278,1134.6296,  1.4476,1135.1872,  2.1436
966.8649,  1.0367,1104.8288,  1.6304,1136.6667,  1.4492,1137.2252,  2.1449
968.5976,  1.0387,1106.8088,  1.6330,1138.7037,  1.4509,1139.2633,  2.1462
970.3303,  1.0407,1108.7888,  1.6355,1140.7407,  1.4525,1141.3013,  2.1474
972.0631,  1.0426,1110.7688,  1.6381,1142.7778,  1.4541,1143.3393,  2.1487
973.7958,  1.0446,1112.7487,  1.6406,1144.8148,  1.4558,1145.3774,  2.1500
975.5285,  1.0465,1114.7287,  1.6432,1146.8519,  1.4574,1147.4154,  2.1512
977.2613,  1.0485,1116.7087,  1.6458,1148.8889,  1.4591,1149.4535,  2.1525
978.9940,  1.0505,1118.6887,  1.6483,1150.9259,  1.4607,1151.4915,  2.1538
980.7267,  1.0524,1120.6687,  1.6509,1152.9630,  1.4624,1153.5295,  2.1550
982.4595,  1.0544,1122.6486,  1.6535,1155.0000,  1.4640,1155.5676,  2.1563
984.1922,  1.0563,1124.6286,  1.6560,1157.0370,  1.4656,1157.6056,  2.1575
985.9249,  1.0583,1126.6086,  1.6586,1159.0741,  1.4673,1159.6436,  2.1588
987.6577,  1.0603,1128.5886,  1.6612,1161.1111,  1.4689,1161.6817,  2.1601
989.3904,  1.0622,1130.5686,  1.6637,1163.1481,  1.4706,1163.7197,  2.1613
991.1231,  1.0642,1132.5485,  1.6663,1165.1852,  1.4722,1165.7578,  2.1626
992.8559,  1.0661,1134.5285,  1.6689,1167.2222,  1.4739,1167.7958,  2.1639
994.5886,  1.0681,1136.5085,  1.6714,1169.2593,  1.4755,1169.8338,  2.1651
996.3213,  1.0701,1138.4885,  1.6740,1171.2963,  1.4771,1171.8719,  2.1664
998.0541,  1.0720,1140.4685,  1.6766,1173.3333,  1.4788,1173.9099,  2.1676
999.7868,  1.0740,1142.4484,  1.6791,1175.3704,  1.4804,1175.9479,  2.1689
1001.5195,  1.0759,1144.4284,  1.6817,1177.4074,  1.4821,1177.9860,  2.1702
1003.2523,  1.0779,1146.4084,  1.6840,1179.4444,  1.4837,1180.0240,  2.1714
1004.9850,  1.0799,1148.3884,  1.6855,1181.4815,  1.4854,1182.0621,  2.1727
1006.7177,  1.0818,1150.3684,  1.6869,1183.5185,  1.4870,1184.1001,  2.1740
1008.4505,  1.0838,1152.3483,  1.6884,1185.5556,  1.4886,1186.1381,  2.1752
1010.1832,  1.0857,1154.3283,  1.6898,1187.5926,  1.4903,1188.1762,  2.1765
1011.9159,  1.0877,1156.3083,  1.6913,1189.6296,  1.4919,1190.2142,  2.1778
1013.6486,  1.0897,1158.2883,  1.6927,1191.6667,  1.4936,1192.2523,  2.1790
1015.3814,  1.0916,1160.2683,  1.6942,1193.7037,  1.4952,1194.2903,  2.1803
1017.1141,  1.0936,1162.2482,  1.6956,1195.7407,  1.4967,1196.3283,  2.1815
1018.8468,  1.0955,1164.2282,  1.6971,1197.7778,  1.4979,1198.3664,  2.1828
1020.5796,  1.0975,1166.2082,  1.6985,1199.8148,  1.4992,1200.4044,  2.1841
1022.3123,  1.0995,1168.1882,  1.7000,1201.8519,  1.5004,1202.4424,  2.1853
1024.0450,  1.1014,1170.1682,  1.7014,1203.8889,  1.5016,1204.4805,  2.1866
1025.7778,  1.1034,1172.1481,  1.7029,1205.9259,  1.5029,1206.5185,  2.1879
1027.5105,  1.1053,1174.1281,  1.7044,1207.9630,  1.5041,1208.5566,  2.1891
1029.2432,  1.1073,1176.1081,  1.7058,1210.0000,  1.5053,1210.5946,  2.1904
1030.9760,  1.1093,1178.0881,  1.7073,1212.0370,  1.5066,1212.6326,  2.1916
1032.7087,  1.1112,1180.0681,  1.7087,1214.0741,  1.5078,1214.6707,  2.1929
1034.4414,  1.1132,1182.0480,  1.7102,1216.1111,  1.5090,1216.7087,  2.1942
1036.1742,  1.1151,1184.0280,  1.7116,1218.1481,  1.5103,1218.7467,  2.1954
1037.9069,  1.1171,1186.0080,  1.7131,1220.1852,  1.5115,1220.7848,  2.1967
1039.6396,  1.1191,1187.9880,  1.7145,1222.2222,  1.5127,1222.8228,  2.1980
1041.3724,  1.1210,1189.9680,  1.7160,1224.2593,  1.5140,1224.8609,  2.1992
1043.1051,  1.1230,1191.9479,  1.7174,1226.2963,  1.5152,1226.8989,  2.2005
1044.8378,  1.1249,1193.9279,  1.7189,1228.3333,  1.5164,1228.9369,  2.2018
1046.5706,  1.1269,1195.9079,  1.7203,1230.3704,  1.5177,1230.9750,  2.2030
1048.3033,  1.1289,1197.8879,  1.7218,1232.4074,  1.5189,1233.0130,  2.2043
1050.0360,  1.1308,1199.8679,  1.7232,1234.4444,  1.5201,1235.0511,  2.2056
1051.7688,  1.1328,1201.8478,  1.7247,1236.4815,  1.5214,1237.0891,  2.2079
1053.5015,  1.1347,1203.8278,  1.7261,1238.5185,  1.5226,1239.1271,  2.2102
1055.2342,  1.1367,1205.8078,  1.7276,1240.5556,  1.5238,1241.1652,  2.2125
1056.9670,  1.1387,1207.7878,  1.7290,1242.5926,  1.5251,1243.2032,  2.2148
1058.6997,  1.1406,1209.7678,  1.7305,1244.6296,  1.5263,1245.2412,  2.2171
1060.4324,  1.1426,1211.7477,  1.7319,1246.6667,  1.5275,1247.2793,  2.2195
1062.1652,  1.1445,1213.7277,  1.7334,1248.7037,  1.5288,1249.3173,  2.2218
1063.8979,  1.1465,1215.7077,  1.7349,1250.7407,  1.5300,1251.3554,  2.2241
1065.6306,  1.1485,1217.6877,  1.7363,1252.7778,  1.5312,1253.3934,  2.2264
1067.3634,  1.1504,1219.6677,  1.7378,1254.8148,  1.5325,1255.4314,  2.2287
1069.0961,  1.1524,1221.6476,  1.7392,1256.8519,  1.5337,1257.4695,  2.2310
1070.8288,  1.1543,1223.6276,  1.7407,1258.8889,  1.5349,1259.5075,  2.2334
1072.5616,  1.1563,1225.6076,  1.7421,1260.9259,  1.5362,1261.5455,  2.2357
1074.2943,  1.1583,1227.5876,  1.7436,1262.9630,  1.5374,1263.5836,  2.2380
1076.0270,  1.1602,1229.5676,  1.7450,1265.0000,  1.5386,1265.6216,  2.2403
1077.7598,  1.1622,1231.5475,  1.7465,1267.0370,  1.5399,1267.6597,  2.2426
1079.4925,  1.1641,1233.5275,  1.7479,1269.0741,  1.5411,1269.6977,  2.2449
1081.2252,  1.1661,1235.5075,  1.7494,1271.1111,  1.5423,1271.7357,  2.2472
1082.9580,  1.1681,1237.4875,  1.7508,1273.1481,  1.5436,1273.7738,  2.2496
1084.6907,  1.1700,1239.4675,  1.7523,1275.1852,  1.5448,1275.8118,  2.2519
1086.4234,  1.1720,1241.4474,  1.7537,1277.2222,  1.5460,1277.8498,  2.2542
1088.1562,  1.1739,1243.4274,  1.7552,1279.2593,  1.5473,1279.8879,  2.2565
1089.8889,  1.1759,1245.4074,  1.7566,1281.2963,  1.5485,1281.9259,  2.2588
1091.6216,  1.1779,1247.3874,  1.7581,1283.3333,  1.5497,1283.9640,  2.2611
1093.3544,  1.1798,1249.3674,  1.7595,1285.3704,  1.5510,1286.0020,  2.2635
1095.0871,  1.1818,1251.3473,  1.7610,1287.4074,  1.5522,1288.0400,  2.2658
1096.8198,  1.1837,1253.3273,  1.7624,1289.4444,  1.5534,1290.0781,  2.2681
1098.5526,  1.1857,1255.3073,  1.7639,1291.4815,  1.5547,1292.1161,  2.2704
1100.2853,  1.1877,1257.2873,  1.7654,1293.5185,  1.5550,1294.1542,  2.2727
1102.0180,  1.1896,1259.2673,  1.7668,1295.5556,  1.5551,1296.1922,  2.2750
1103.7508,  1.1916,1261.2472,  1.7683,1297.5926,  1.5551,1298.2302,  2.2773
1105.4835,  1.1935,1263.2272,  1.7697,1299.6296,  1.5552,1300.2683,  2.2797
1107.2162,  1.1955,1265.2072,  1.7712,1301.6667,  1.5552,1302.3063,  2.2820
1108.9489,  1.1975,1267.1872,  1.7726,1303.7037,  1.5553,1304.3443,  2.2843
1110.6817,  1.1994,1269.1672,  1.7741,1305.7407,  1.5553,1306.3824,  2.2866
1112.4144,  1.2014,1271.1471,  1.7755,1307.7778,  1.5554,1308.4204,  2.2889
1114.1471,  1.2034,1273.1271,  1.7770,1309.8148,  1.5554,1310.4585,  2.2912
1115.8799,  1.2053,1275.1071,  1.7784,1311.8519,  1.5555,1312.4965,  2.2935
1117.6126,  1.2073,1277.0871,  1.7799,1313.8889,  1.5555,1314.5345,  2.2959
1119.3453,  1.2092,1279.0671,  1.7813,1315.9259,  1.5556,1316.5726,  2.2982
1121.0781,  1.2112,1281.0470,  1.7828,1317.9630,  1.5556,1318.6106,  2.3005
1122.8108,  1.2132,1283.0270,  1.7842,1320.0000,  1.5556,1320.6486,  2.3028
1124.5435,  1.2151,1285.0070,  1.7855,1322.0370,  1.5557,1322.6867,  2.3051
1126.2763,  1.2171,1286.9870,  1.7868,1324.0741,  1.5557,1324.7247,  2.3074
1128.0090,  1.2190,1288.9670,  1.7880,1326.1111,  1.5558,1326.7628,  2.3098
1129.7417,  1.2210,1290.9469,  1.7893,1328.1481,  1.5558,1328.8008,  2.3121
1131.4745,  1.2230,1292.9269,  1.7905,1330.1852,  1.5559,1330.8388,  2.3144
1133.2072,  1.2249,1294.9069,  1.7918,1332.2222,  1.5559,1332.8769,  2.3167
1134.9399,  1.2255,1296.8869,  1.7931,1334.2593,  1.5560,1334.9149,  2.3190
1136.6727,  1.2248,1298.8669,  1.7943,1336.2963,  1.5560,1336.9530,  2.3213
1138.4054,  1.2241,1300.8468,  1.7956,1338.3333,  1.5561,1338.9910,  2.3236
1140.1381,  1.2235,1302.8268,  1.7968,1340.3704,  1.5561,1341.0290,  2.3260
1141.8709,  1.2228,1304.8068,  1.7981,1342.4074,  1.5562,1343.0671,  2.3283
1143.6036,  1.2222,1306.7868,  1.7994,1344.4444,  1.5562,1345.1051,  2.3306
1145.3363,  1.2215,1308.7668,  1.8006,1346.4815,  1.5563,1347.1431,  2.3329
1147.0691,  1.2209,1310.7467,  1.8019,1348.5185,  1.5563,1349.1812,  2.3352
1148.8018,  1.2202,1312.7267,  1.8031,1350.5556,  1.5564,1351.2192,  2.3375
1150.5345,  1.2196,1314.7067,  1.8044,1352.5926,  1.5564,1353.2573,  2.3399
1152.2673,  1.2189,1316.6867,  1.8057,1354.6296,  1.5565,1355.2953,  2.3422
1154.0000,  1.2182,1318.6667,  1.8069,1356.6667,  1.5565,1357.3333,  2.3445
1155.7327,  1.2176,1320.6466,  1.8082,1358.7037,  1.5565,1359.3714,  2.3468
1157.4655,  1.2169,1322.6266,  1.8094,1360.7407,  1.5566,1361.4094,  2.3491
1159.1982,  1.2163,1324.6066,  1.8107,1362.7778,  1.5566,1363.4474,  2.3514
1160.9309,  1.2156,1326.5866,  1.8120,1364.8148,  1.5567,1365.4855,  2.3537
1162.6637,  1.2150,1328.5666,  1.8132,1366.8519,  1.5567,1367.5235,  2.3561
1164.3964,  1.2143,1330.5465,  1.8145,1368.8889,  1.5568,1369.5616,  2.3584
1166.1291,  1.2137,1332.5265,  1.8157,1370.9259,  1.5568,1371.5996,  2.3607
1167.8619,  1.2130,1334.5065,  1.8170,1372.9630,  1.5569,1373.6376,  2.3630
1169.5946,  1.2123,1336.4865,  1.8183,1375.0000,  1.5569,1375.6757,  2.3653
1171.3273,  1.2117,1338.4665,  1.8195,1377.0370,  1.5570,1377.7137,  2.3676
1173.0601,  1.2110,1340.4464,  1.8208,1379.0741,  1.5570,1379.7518,  2.3700
1174.7928,  1.2104,1342.4264,  1.8220,1381.1111,  1.5571,1381.7898,  2.3723
1176.5255,  1.2097,1344.4064,  1.8233,1383.1481,  1.5571,1383.8278,  2.3746
1178.2583,  1.2091,1346.3864,  1.8246,1385.1852,  1.5572,1385.8659,  2.3769
1179.9910,  1.2084,1348.3664,  1.8258,1387.2222,  1.5572,1387.9039,  2.3792
1181.7237,  1.2078,1350.3463,  1.8271,1389.2593,  1.5573,1389.9419,  2.3815
1183.4565,  1.2071,1352.3263,  1.8284,1391.2963,  1.5573,1391.9800,  2.3838
1185.1892,  1.2064,1354.3063,  1.8296,1393.3333,  1.5574,1394.0180,  2.3862
1186.9219,  1.2058,1356.2863,  1.8309,1395.3704,  1.5574,1396.0561,  2.3885
1188.6547,  1.2051,1358.2663,  1.8321,1397.4074,  1.5574,1398.0941,  2.3908
1190.3874,  1.2045,1360.2462,  1.8334,1399.4444,  1.5575,1400.1321,  2.3931
1192.1201,  1.2038,1362.2262,  1.8347,1401.4815,  1.5575,1402.1702,  2.3954
1193.8529,  1.2032,1364.2062,  1.8359,1403.5185,  1.5576,1404.2082,  2.3977
1195.5856,  1.2025,1366.1862,  1.8373,1405.5556,  1.5576,1406.2462,  2.4001
1197.3183,  1.2019,1368.1662,  1.8394,1407.5926,  1.5577,1408.2843,  2.4024
1199.0511,  1.2012,1370.1461,  1.8415,1409.6296,  1.5577,1410.3223,  2.4047
1200.7838,  1.2005,1372.1261,  1.8436,1411.6667,  1.5578,1412.3604,  2.4070
1202.5165,  1.1999,1374.1061,  1.8457,1413.7037,  1.5578,1414.3984,  2.4093
1204.2492,  1.1992,1376.0861,  1.8478,1415.7407,  1.5579,1416.4364,  2.4116
1205.9820,  1.1986,1378.0661,  1.8500,1417.7778,  1.5579,1418.4745,  2.4139
1207.7147,  1.1979,1380.0460,  1.8521,1419.8148,  1.5580,1420.5125,  2.4163
1209.4474,  1.1973,1382.0260,  1.8542,1421.8519,  1.5580,1422.5506,  2.4186
1211.1802,  1.1966,1384.0060,  1.8563,1423.8889,  1.5581,1424.5886,  2.4209
1212.9129,  1.1960,1385.9860,  1.8584,1425.9259,  1.5581,1426.6266,  2.4232
1214.6456,  1.1953,1387.9660,  1.8605,1427.9630,  1.5582,1428.6647,  2.4255
1216.3784,  1.1947,1389.9459,  1.8627,1430.0000,  1.5582,1430.7027,  2.4278
1218.1111,  1.1940,1391.9259,  1.8648,1432.0370,  1.5583,1432.7407,  2.4302
1219.8438,  1.1933,1393.9059,  1.8669,1434.0741,  1.5583,1434.7788,  2.4325
1221.5766,  1.1927,1395.8859,  1.8690,1436.1111,  1.5583,1436.8168,  2.4348
1223.3093,  1.1920,1397.8659,  1.8711,1438.1481,  1.5584,1438.8549,  2.4371
1225.0420,  1.1914,1399.8458,  1.8731,1440.1852,  1.5584,1440.8929,  2.4394
1226.7748,  1.1907,1401.8258,  1.8748,1442.2222,  1.5585,1442.9309,  2.4417
1228.5075,  1.1901,1403.8058,  1.8766,1444.2593,  1.5585,1444.9690,  2.4440
1230.2402,  1.1894,1405.7858,  1.8783,1446.2963,  1.5586,1447.0070,  2.4464
1231.9730,  1.1888,1407.7658,  1.8801,1448.3333,  1.5586,1449.0450,  2.4487
1233.7057,  1.1881,1409.7457,  1.8818,1450.3704,  1.5587,1451.0831,  2.4517
1235.4384,  1.1874,1411.7257,  1.8836,1452.4074,  1.5587,1453.1211,  2.4547
1237.1712,  1.1868,1413.7057,  1.8853,1454.4444,  1.5588,1455.1592,  2.4577
1238.9039,  1.1861,1415.6857,  1.8871,1456.4815,  1.5588,1457.1972,  2.4608
1240.6366,  1.1855,1417.6657,  1.8888,1458.5185,  1.5589,1459.2352,  2.4638
1242.3694,  1.1848,1419.6456,  1.8906,1460.5556,  1.5589,1461.2733,  2.4668
1244.1021,  1.1842,1421.6256,  1.8923,1462.5926,  1.5590,1463.3113,  2.4698
1245.8348,  1.1835,1423.6056,  1.8941,1464.6296,  1.5590,1465.3493,  2.4728
1247.5676,  1.1829,1425.5856,  1.8958,1466.6667,  1.5591,1467.3874,  2.4758
1249.3003,  1.1822,1427.5656,  1.8976,1468.7037,  1.5591,1469.4254,  2.4789
1251.0330,  1.1815,1429.5455,  1.8993,1470.7407,  1.5592,1471.4635,  2.4819
1252.7658,  1.1809,1431.5255,  1.9011,1472.7778,  1.5592,1473.5015,  2.4849
1254.4985,  1.1802,1433.5055,  1.9028,1474.8148,  1.5592,1475.5395,  2.4879
1256.2312,  1.1796,1435.4855,  1.9046,1476.8519,  1.5593,1477.5776,  2.4909
1257.9640,  1.1789,1437.4655,  1.9063,1478.8889,  1.5593,1479.6156,  2.4939
1259.6967,  1.1783,1439.4454,  1.9080,1480.9259,  1.5594,1481.6537,  2.4970
1261.4294,  1.1776,1441.4254,  1.9098,1482.9630,  1.5594,1483.6917,  2.5000
1263.1622,  1.1770,1443.4054,  1.9115,1485.0000,  1.5598,1485.7297,  2.5030
1264.8949,  1.1763,1445.3854,  1.9133,1487.0370,  1.5606,1487.7678,  2.5060
1266.6276,  1.1756,1447.3654,  1.9150,1489.0741,  1.5614,1489.8058,  2.5090
1268.3604,  1.1750,1449.3453,  1.9168,1491.1111,  1.5622,1491.8438,  2.5120
1270.0931,  1.1743,1451.3253,  1.9185,1493.1481,  1.5630,1493.8819,  2.5151
1271.8258,  1.1737,1453.3053,  1.9203,1495.1852,  1.5637,1495.9199,  2.5181
1273.5586,  1.1730,1455.2853,  1.9220,1497.2222,  1.5645,1497.9580,  2.5211
1275.2913,  1.1724,1457.2653,  1.9238,1499.2593,  1.5653,1499.9960,  2.5241
1277.0240,  1.1717,1459.2452,  1.9255,1501.2963,  1.5661,1502.0340,  2.5271
1278.7568,  1.1711,1461.2252,  1.9273,1503.3333,  1.5669,1504.0721,  2.5301
1280.4895,  1.1704,1463.2052,  1.9290,1505.3704,  1.5677,1506.1101,  2.5331
1282.2222,  1.1697,1465.1852,  1.9308,1507.4074,  1.5684,1508.1481,  2.5362
1283.9550,  1.1691,1467.1652,  1.9325,1509.4444,  1.5692,1510.1862,  2.5392
1285.6877,  1.1684,1469.1451,  1.9343,1511.4815,  1.5700,1512.2242,  2.5422
1287.4204,  1.1678,1471.1251,  1.9360,1513.5185,  1.5708,1514.2623,  2.5452
1289.1532,  1.1671,1473.1051,  1.9378,1515.5556,  1.5716,1516.3003,  2.5482
1290.8859,  1.1665,1475.0851,  1.9395,1517.5926,  1.5723,1518.3383,  2.5512
1292.6186,  1.1658,1477.0651,  1.9413,1519.6296,  1.5731,1520.3764,  2.5543
1294.3514,  1.1652,1479.0450,  1.9430,1521.6667,  1.5739,1522.4144,  2.5573
1296.0841,  1.1645,1481.0250,  1.9448,1523.7037,  1.5747,1524.4525,  2.5603
1297.8168,  1.1638,1483.0050,  1.9465,1525.7407,  1.5755,1526.4905,  2.5633
1299.5495,  1.1632,1484.9850,  1.9483,1527.7778,  1.5762,1528.5285,  2.5663
1301.2823,  1.1625,1486.9650,  1.9500,1529.8148,  1.5770,1530.5666,  2.5693
1303.0150,  1.1619,1488.9449,  1.9517,1531.8519,  1.5778,1532.6046,  2.5724
1304.7477,  1.1612,1490.9249,  1.9535,1533.8889,  1.5786,1534.6426,  2.5754
1306.4805,  1.1606,1492.9049,  1.9552,1535.9259,  1.5794,1536.6807,  2.5784
1308.2132,  1.1599,1494.8849,  1.9570,1537.9630,  1.5801,1538.7187,  2.5814
1309.9459,  1.1593,1496.8649,  1.9587,1540.0000,  1.5809,1540.7568,  2.5844
1311.6787,  1.1586,1498.8448,  1.9605,1542.0370,  1.5817,1542.7948,  2.5874
1313.4114,  1.1579,1500.8248,  1.9622,1544.0741,  1.5825,1544.8328,  2.5905
1315.1441,  1.1573,1502.8048,  1.9640,1546.1111,  1.5833,1546.8709,  2.5935
1316.8769,  1.1566,1504.7848,  1.9657,1548.1481,  1.5857,1548.9089,  2.5965
1318.6096,  1.1560,1506.7648,  1.9675,1550.1852,  1.5880,1550.9469,  2.5995
1320.3423,  1.1553,1508.7447,  1.9692,1552.2222,  1.5903,1552.9850,  2.6025
1322.0751,  1.1547,1510.7247,  1.9710,1554.2593,  1.5927,1555.0230,  2.6055
1323.8078,  1.1540,1512.7047,  1.9727,1556.2963,  1.5950,1557.0611,  2.6086
1325.5405,  1.1534,1514.6847,  1.9745,1558.3333,  1.5973,1559.0991,  2.6116
1327.2733,  1.1527,1516.6647,  1.9762,1560.3704,  1.5997,1561.1371,  2.6146
1329.0060,  1.1520,1518.6446,  1.9780,1562.4074,  1.6020,1563.1752,  2.6176
1330.7387,  1.1514,1520.6246,  1.9797,1564.4444,  1.6043,1565.2132,  2.6206
1332.4715,  1.1507,1522.6046,  1.9815,1566.4815,  1.6066,1567.2513,  2.6236
1334.2042,  1.1501,1524.5846,  1.9832,1568.5185,  1.6090,1569.2893,  2.6267
1335.9369,  1.1494,1526.5646,  1.9848,1570.5556,  1.6113,1571.3273,  2.6297
1337.6697,  1.1488,1528.5445,  1.9864,1572.5926,  1.6136,1573.3654,  2.6327
1339.4024,  1.1481,1530.5245,  1.9880,1574.6296,  1.6160,1575.4034,  2.6357
1341.1351,  1.1475,1532.5045,  1.9896,1576.6667,  1.6183,1577.4414,  2.6387
1342.8679,  1.1468,1534.4845,  1.9912,1578.7037,  1.6206,1579.4795,  2.6417
1344.6006,  1.1461,1536.4645,  1.9928,1580.7407,  1.6229,1581.5175,  2.6448
1346.3333,  1.1455,1538.4444,  1.9944,1582.7778,  1.6253,1583.5556,  2.6478
1348.0661,  1.1448,1540.4244,  1.9960,1584.8148,  1.6276,1585.5936,  2.6508
1349.7988,  1.1442,1542.4044,  1.9975,1586.8519,  1.6299,1587.6316,  2.6538
1351.5315,  1.1435,1544.3844,  1.9991,1588.8889,  1.6323,1589.6697,  2.6568
1353.2643,  1.1429,1546.3644,  2.0007,1590.9259,  1.6346,1591.7077,  2.6598
1354.9970,  1.1422,1548.3443,  2.0023,1592.9630,  1.6369,1593.7457,  2.6629
1356.7297,  1.1416,1550.3243,  2.0039,1595.0000,  1.6392,1595.7838,  2.6659
1358.4625,  1.1409,1552.3043,  2.0055,1597.0370,  1.6416,1597.8218,  2.6689
1360.1952,  1.1403,1554.2843,  2.0071,1599.0741,  1.6439,1599.8599,  2.6719
1361.9279,  1.1396,1556.2643,  2.0087,1601.1111,  1.6462,1601.8979,  2.6749
1363.6607,  1.1389,1558.2442,  2.0102,1603.1481,  1.6486,1603.9359,  2.6779
1365.3934,  1.1383,1560.2242,  2.0118,1605.1852,  1.6509,1605.9740,  2.6810
1367.1261,  1.1376,1562.2042,  2.0134,1607.2222,  1.6532,1608.0120,  2.6840
1368.8589,  1.1370,1564.1842,  2.0150,1609.2593,  1.6555,1610.0501,  2.6870
1370.5916,  1.1363,1566.1642,  2.0166,1611.2963,  1.6579,1612.0881,  2.6900
1372.3243,  1.1357,1568.1441,  2.0182,1613.3333,  1.6602,1614.1261,  2.6930
1374.0571,  1.1350,1570.1241,  2.0198,1615.3704,  1.6625,1616.1642,  2.6960
1375.7898,  1.1344,1572.1041,  2.0214,1617.4074,  1.6649,1618.2022,  2.6991
1377.5225,  1.1337,1574.0841,  2.0230,1619.4444,  1.6672,1620.2402,  2.7021
1379.2553,  1.1330,1576.0641,  2.0245,1621.4815,  1.6695,1622.2783,  2.7051
1380.9880,  1.1324,1578.0440,  2.0261,1623.5185,  1.6719,1624.3163,  2.7081
1382.7207,  1.1317,1580.0240,  2.0277,1625.5556,  1.6742,1626.3544,  2.7111
1384.4535,  1.1311,1582.0040,  2.0293,1627.5926,  1.6765,1628.3924,  2.7141
1386.1862,  1.1304,1583.9840,  2.0309,1629.6296,  1.6788,1630.4304,  2.7171
1387.9189,  1.1298,1585.9640,  2.0325,1631.6667,  1.6812,1632.4685,  2.7202
1389.6517,  1.1291,1587.9439,  2.0341,1633.7037,  1.6835,1634.5065,  2.7232
1391.3844,  1.1285,1589.9239,  2.0357,1635.7407,  1.6858,1636.5445,  2.7262
1393.1171,  1.1278,1591.9039,  2.0372,1637.7778,  1.6882,1638.5826,  2.7292
1394.8498,  1.1271,1593.8839,  2.0388,1639.8148,  1.6905,1640.6206,  2.7322
1396.5826,  1.1265,1595.8639,  2.0404,1641.8519,  1.6928,1642.6587,  2.7352
1398.3153,  1.1258,1597.8438,  2.0420,1643.8889,  1.6951,1644.6967,  2.7383
1400.0480,  1.1252,1599.8238,  2.0436,1645.9259,  1.6975,1646.7347,  2.7413
1401.7808,  1.1245,1601.8038,  2.0452,1647.9630,  1.6998,1648.7728,  2.7443
1403.5135,  1.1239,1603.7838,  2.0468,1650.0000,  1.7021,1650.8108,  2.7473
1405.2462,  1.1232,1605.7638,  2.0484,1652.0370,  1.7045,1652.8488,  2.7503
1406.9790,  1.1226,1607.7437,  2.0500,1654.0741,  1.7068,1654.8869,  2.7533
1408.7117,  1.1219,1609.7237,  2.0515,1656.1111,  1.7091,1656.9249,  2.7564
1410.4444,  1.1212,1611.7037,  2.0531,1658.1481,  1.7114,1658.9630,  2.7594
1412.1772,  1.1206,1613.6837,  2.0547,1660.1852,  1.7138,1661.0010,  2.7624
1413.9099,  1.1199,1615.6637,  2.0563,1662.2222,  1.7161,1663.0390,  2.7654
1415.6426,  1.1193,1617.6436,  2.0579,1664.2593,  1.7184,1665.0771,  2.7684
1417.3754,  1.1186,1619.6236,  2.0595,1666.2963,  1.7208,1667.1151,  2.7714
1419.1081,  1.1180,1621.6036,  2.0611,1668.3333,  1.7231,1669.1532,  2.7745
1420.8408,  1.1173,1623.5836,  2.0627,1670.3704,  1.7254,1671.1912,  2.7775
1422.5736,  1.1167,1625.5636,  2.0643,1672.4074,  1.7277,1673.2292,  2.7805
1424.3063,  1.1160,1627.5435,  2.0658,1674.4444,  1.7301,1675.2673,  2.7835
1426.0390,  1.1153,1629.5235,  2.0674,1676.4815,  1.7324,1677.3053,  2.7865
1427.7718,  1.1147,1631.5035,  2.0690,1678.5185,  1.7347,1679.3433,  2.7895
1429.5045,  1.1140,1633.4835,  2.0706,1680.5556,  1.7371,1681.3814,  2.7926
1431.2372,  1.1134,1635.4635,  2.0722,1682.5926,  1.7394,1683.4194,  2.7956
1432.9700,  1.1127,1637.4434,  2.0738,1684.6296,  1.7417,1685.4575,  2.7986
1434.7027,  1.1121,1639.4234,  2.0754,1686.6667,  1.7441,1687.4955,  2.8016
1436.4354,  1.1114,1641.4034,  2.0770,1688.7037,  1.7464,1689.5335,  2.8046
1438.1682,  1.1108,1643.3834,  2.0785,1690.7407,  1.7487,1691.5716,  2.8076
1439.9009,  1.1101,1645.3634,  2.0801,1692.7778,  1.7510,1693.6096,  2.8107
1441.6336,  1.1094,1647.3433,  2.0817,1694.8148,  1.7534,1695.6476,  2.8137
1443.3664,  1.1088,1649.3233,  2.0833,1696.8519,  1.7557,1697.6857,  2.8167
1445.0991,  1.1081,1651.3033,  2.0849,1698.8889,  1.7580,1699.7237,  2.8197
1446.8318,  1.1075,1653.2833,  2.0865,1700.9259,  1.7604,1701.7618,  2.8227
1448.5646,  1.1068,1655.2633,  2.0881,1702.9630,  1.7627,1703.7998,  2.8257
1450.2973,  1.1062,1657.2432,  2.0897,1705.0000,  1.7650,1705.8378,  2.8288
1452.0300,  1.1055,1659.2232,  2.0913,1707.0370,  1.7673,1707.8759,  2.8318
1453.7628,  1.1049,1661.2032,  2.0928,1709.0741,  1.7697,1709.9139,  2.8348
1455.4955,  1.1042,1663.1832,  2.0944,1711.1111,  1.7720,1711.9520,  2.8378
1457.2282,  1.1035,1665.1632,  2.0960,1713.1481,  1.7743,1713.9900,  2.8408
1458.9610,  1.1029,1667.1431,  2.0986,1715.1852,  1.7767,1716.0280,  2.8438
1460.6937,  1.1022,1669.1231,  2.1020,1717.2222,  1.7790,1718.0661,  2.8469
1462.4264,  1.1016,1671.1031,  2.1053,1719.2593,  1.7813,1720.1041,  2.8499
1464.1592,  1.1009,1673.0831,  2.1087,1721.2963,  1.7836,1722.1421,  2.8529
1465.8919,  1.0999,1675.0631,  2.1121,1723.3333,  1.7860,1724.1802,  2.8559
1467.6246,  1.0986,1677.0430,  2.1154,1725.3704,  1.7883,1726.2182,  2.8589
1469.3574,  1.0973,1679.0230,  2.1188,1727.4074,  1.7906,1728.2563,  2.8619
1471.0901,  1.0959,1681.0030,  2.1221,1729.4444,  1.7930,1730.2943,  2.8650
1472.8228,  1.0946,1682.9830,  2.1255,1731.4815,  1.7953,1732.3323,  2.8680
1474.5556,  1.0933,1684.9630,  2.1289,1733.5185,  1.7976,1734.3704,  2.8710
1476.2883,  1.0919,1686.9429,  2.1322,1735.5556,  1.7999,1736.4084,  2.8740
1478.0210,  1.0906,1688.9229,  2.1356,1737.5926,  1.8023,1738.4464,  2.8770
1479.7538,  1.0893,1690.9029,  2.1389,1739.6296,  1.8049,1740.4845,  2.8800
1481.4865,  1.0879,1692.8829,  2.1423,1741.6667,  1.8083,1742.5225,  2.8831
1483.2192,  1.0866,1694.8629,  2.1457,1743.7037,  1.8116,1744.5606,  2.8832
1484.9520,  1.0853,1696.8428,  2.1490,1745.7407,  1.8150,1746.5986,  2.8824
1486.6847,  1.0839,1698.8228,  2.1524,1747.7778,  1.8183,1748.6366,  2.8817
1488.4174,  1.0826,1700.8028,  2.1557,1749.8148,  1.8217,1750.6747,  2.8809
1490.1502,  1.0813,1702.7828,  2.1591,1751.8519,  1.8250,1752.7127,  2.8802
1491.8829,  1.0799,1704.7628,  2.1625,1753.8889,  1.8284,1754.7508,  2.8794
1493.6156,  1.0786,1706.7427,  2.1658,1755.9259,  1.8317,1756.7888,  2.8787
1495.3483,  1.0773,1708.7227,  2.1692,1757.9630,  1.8351,1758.8268,  2.8779
1497.0811,  1.0759,1710.7027,  2.1725,1760.0000,  1.8384,1760.8649,  2.8772
1498.8138,  1.0746,1712.6827,  2.1759,1762.0370,  1.8418,1762.9029,  2.8764
1500.5465,  1.0733,1714.6627,  2.1793,1764.0741,  1.8451,1764.9409,  2.8757
1502.2793,  1.0719,1716.6426,  2.1826,1766.1111,  1.8485,1766.9790,  2.8749
1504.0120,  1.0706,1718.6226,  2.1860,1768.1481,  1.8518,1769.0170,  2.8742
1505.7447,  1.0693,1720.6026,  2.1893,1770.1852,  1.8552,1771.0551,  2.8734
1507.4775,  1.0679,1722.5826,  2.1927,1772.2222,  1.8585,1773.0931,  2.8727
1509.2102,  1.0666,1724.5626,  2.1961,1774.2593,  1.8619,1775.1311,  2.8719
1510.9429,  1.0653,1726.5425,  2.1972,1776.2963,  1.8652,1777.1692,  2.8712
1512.6757,  1.0639,1728.5225,  2.1926,1778.3333,  1.8686,1779.2072,  2.8704
1514.4084,  1.0626,1730.5025,  2.1881,1780.3704,  1.8719,1781.2452,  2.8697
1516.1411,  1.0613,1732.4825,  2.1835,1782.4074,  1.8753,1783.2833,  2.8689
1517.8739,  1.0600,1734.4625,  2.1789,1784.4444,  1.8786,1785.3213,  2.8682
1519.6066,  1.0586,1736.4424,  2.1743,1786.4815,  1.8820,1787.3594,  2.8674
1521.3393,  1.0573,1738.4224,  2.1697,1788.5185,  1.8853,1789.3974,  2.8667
1523.0721,  1.0560,1740.4024,  2.1651,1790.5556,  1.8887,1791.4354,  2.8659
1524.8048,  1.0546,1742.3824,  2.1605,1792.5926,  1.8920,1793.4735,  2.8652
1526.5375,  1.0533,1744.3624,  2.1559,1794.6296,  1.8954,1795.5115,  2.8644
1528.2703,  1.0520,1746.3423,  2.1513,1796.6667,  1.8987,1797.5495,  2.8637
1530.0030,  1.0506,1748.3223,  2.1467,1798.7037,  1.9021,1799.5876,  2.8629
1531.7357,  1.0493,1750.3023,  2.1421,1800.7407,  1.9054,1801.6256,  2.8622
1533.4685,  1.0480,1752.2823,  2.1375,1802.7778,  1.9088,1803.6637,  2.8614
1535.2012,  1.0466,1754.2623,  2.1329,1804.8148,  1.9121,1805.7017,  2.8607
1536.9339,  1.0453,1756.2422,  2.1283,1806.8519,  1.9155,1807.7397,  2.8599
1538.6667,  1.0440,1758.2222,  2.1237,1808.8889,  1.9188,1809.7778,  2.8592
1540.3994,  1.0426,1760.2022,  2.1191,1810.9259,  1.9222,1811.8158,  2.8584
1542.1321,  1.0413,1762.1822,  2.1145,1812.9630,  1.9255,1813.8539,  2.8577
1543.8649,  1.0400,1764.1622,  2.1099,1815.0000,  1.9289,1815.8919,  2.8569
1545.5976,  1.0386,1766.1421,  2.1053,1817.0370,  1.9322,1817.9299,  2.8562
1547.3303,  1.0373,1768.1221,  2.1008,1819.0741,  1.9356,1819.9680,  2.8554
1549.0631,  1.0360,1770.1021,  2.0962,1821.1111,  1.9389,1822.0060,  2.8547
1550.7958,  1.0346,1772.0821,  2.0916,1823.1481,  1.9423,1824.0440,  2.8539
1552.5285,  1.0333,1774.0621,  2.0870,1825.1852,  1.9456,1826.0821,  2.8532
1554.2613,  1.0320,1776.0420,  2.0824,1827.2222,  1.9490,1828.1201,  2.8525
1555.9940,  1.0306,1778.0220,  2.0778,1829.2593,  1.9523,1830.1582,  2.8517
1557.7267,  1.0293,1780.0020,  2.0732,1831.2963,  1.9557,1832.1962,  2.8510
1559.4595,  1.0280,1781.9820,  2.0686,1833.3333,  1.9590,1834.2342,  2.8502
1561.1922,  1.0266,1783.9620,  2.0640,1835.3704,  1.9624,1836.2723,  2.8495
1562.9249,  1.0253,1785.9419,  2.0594,1837.4074,  1.9657,1838.3103,  2.8487
1564.6577,  1.0240,1787.9219,  2.0548,1839.4444,  1.9691,1840.3483,  2.8480
1566.3904,  1.0226,1789.9019,  2.0502,1841.4815,  1.9724,1842.3864,  2.8472
1568.1231,  1.0213,1791.8819,  2.0456,1843.5185,  1.9758,1844.4244,  2.8465
1569.8559,  1.0200,1793.8619,  2.0410,1845.5556,  1.9791,1846.4625,  2.8457
1571.5886,  1.0186,1795.8418,  2.0364,1847.5926,  1.9825,1848.5005,  2.8450
1573.3213,  1.0173,1797.8218,  2.0318,1849.6296,  1.9858,1850.5385,  2.8442
1575.0541,  1.0160,1799.8018,  2.0272,1851.6667,  1.9892,1852.5766,  2.8435
1576.7868,  1.0147,1801.7818,  2.0226,1853.7037,  1.9925,1854.6146,  2.8427
1578.5195,  1.0133,1803.7618,  2.0180,1855.7407,  1.9959,1856.6527,  2.8420
1580.2523,  1.0120,1805.7417,  2.0135,1857.7778,  1.9992,1858.6907,  2.8412
1581.9850,  1.0107,1807.7217,  2.0089,1859.8148,  2.0026,1860.7287,  2.8405
1583.7177,  1.0093,1809.7017,  2.0043,1861.8519,  2.0059,1862.7668,  2.8397
1585.4505,  1.0080,1811.6817,  1.9997,1863.8889,  2.0093,1864.8048,  2.8390
1587.1832,  1.0067,1813.6617,  1.9951,1865.9259,  2.0126,1866.8428,  2.8382
1588.9159,  1.0053,1815.6416,  1.9905,1867.9630,  2.0160,1868.8809,  2.8375
1590.6486,  1.0040,1817.6216,  1.9859,1870.0000,  2.0193,1870.9189,  2.8367
1592.3814,  1.0027,1819.6016,  1.9813,1872.0370,  2.0227,1872.9570,  2.8360
1594.1141,  1.0013,1821.5816,  1.9767,1874.0741,  2.0260,1874.9950,  2.8352
1595.8468,  1.0000,1823.5616,  1.9721,1876.1111,  2.0294,1877.0330,  2.8345
1597.5796,  0.9987,1825.5415,  1.9675,1878.1481,  2.0327,1879.0711,  2.8337
1599.3123,  0.9973,1827.5215,  1.9629,1880.1852,  2.0361,1881.1091,  2.8330
1601.0450,  0.9960,1829.5015,  1.9583,1882.2222,  2.0394,1883.1471,  2.8322
1602.7778,  0.9947,1831.4815,  1.9537,1884.2593,  2.0428,1885.1852,  2.8315
1604.5105,  0.9933,1833.4615,  1.9491,1886.2963,  2.0461,1887.2232,  2.8307
1606.2432,  0.9920,1835.4414,  1.9445,1888.3333,  2.0495,1889.2613,  2.8300
1607.9760,  0.9907,1837.4214,  1.9399,1890.3704,  2.0528,1891.2993,  2.8292
1609.7087,  0.9893,1839.4014,  1.9353,1892.4074,  2.0562,1893.3373,  2.8285
1611.4414,  0.9880,1841.3814,  1.9308,1894.4444,  2.0595,1895.3754,  2.8277
1613.1742,  0.9867,1843.3614,  1.9262,1896.4815,  2.0629,1897.4134,  2.8270
1614.9069,  0.9853,1845.3413,  1.9216,1898.5185,  2.0662,1899.4515,  2.8262
1616.6396,  0.9840,1847.3213,  1.9170,1900.5556,  2.0696,1901.4895,  2.8255
1618.3724,  0.9827,1849.3013,  1.9124,1902.5926,  2.0729,1903.5275,  2.8247
1620.1051,  0.9813,1851.2813,  1.9078,1904.6296,  2.0763,1905.5656,  2.8240
1621.8378,  0.9800,1853.2613,  1.9032,1906.6667,  2.0796,1907.6036,  2.8232
1623.5706,  0.9787,1855.2412,  1.8986,1908.7037,  2.0830,1909.6416,  2.8225
1625.3033,  0.9773,1857.2212,  1.8940,1910.7407,  2.0863,1911.6797,  2.8217
1627.0360,  0.9760,1859.2012,  1.8894,1912.7778,  2.0897,1913.7177,  2.8210
1628.7688,  0.9747,1861.1812,  1.8848,1914.8148,  2.0930,1915.7558,  2.8202
1630.5015,  0.9733,1863.1612,  1.8802,1916.8519,  2.0964,1917.7938,  2.8195
1632.2342,  0.9720,1865.1411,  1.8756,1918.8889,  2.0997,1919.8318,  2.8187
1633.9670,  0.9707,1867.1211,  1.8710,1920.9259,  2.1031,1921.8699,  2.8180
1635.6997,  0.9693,1869.1011,  1.8664,1922.9630,  2.1064,1923.9079,  2.8172
1637.4324,  0.9680,1871.0811,  1.8618,1925.0000,  2.1098,1925.9459,  2.8165
1639.1652,  0.9667,1873.0611,  1.8572,1927.0370,  2.1131,1927.9840,  2.8157
1640.8979,  0.9654,1875.0410,  1.8526,1929.0741,  2.1165,1930.0220,  2.8150
1642.6306,  0.9640,1877.0210,  1.8480,1931.1111,  2.1198,1932.0601,  2.8142
1644.3634,  0.9627,1879.0010,  1.8435,1933.1481,  2.1232,1934.0981,  2.8135
1646.0961,  0.9614,1880.9810,  1.8389,1935.1852,  2.1265,1936.1361,  2.8127
1647.8288,  0.9600,1882.9610,  1.8343,1937.2222,  2.1299,1938.1742,  2.8120
1649.5616,  0.9587,1884.9409,  1.8297,1939.2593,  2.1332,1940.2122,  2.8112
1651.2943,  0.9574,1886.9209,  1.8251,1941.2963,  2.1366,1942.2503,  2.8105
1653.0270,  0.9560,1888.9009,  1.8205,1943.3333,  2.1399,1944.2883,  2.8097
1654.7598,  0.9547,1890.8809,  1.8159,1945.3704,  2.1433,1946.3263,  2.8090
1656.4925,  0.9534,1892.8609,  1.8113,1947.4074,  2.1466,1948.3644,  2.8082
1658.2252,  0.9520,1894.8408,  1.8067,1949.4444,  2.1500,1950.4024,  2.8075
1659.9580,  0.9507,1896.8208,  1.8021,1951.4815,  2.1533,1952.4404,  2.8067
1661.6907,  0.9494,1898.8008,  1.7975,1953.5185,  2.1567,1954.4785,  2.8060
1663.4234,  0.9480,1900.7808,  1.7929,1955.5556,  2.1600,1956.5165,  2.8052
1665.1562,  0.9467,1902.7608,  1.7883,1957.5926,  2.1634,1958.5546,  2.8045
1666.8889,  0.9454,1904.7407,  1.7837,1959.6296,  2.1667,1960.5926,  2.8037
1668.6216,  0.9440,1906.7207,  1.7791,1961.6667,  2.1701,1962.6306,  2.8030
1670.3544,  0.9427,1908.7007,  1.7745,1963.7037,  2.1734,1964.6687,  2.8022
1672.0871,  0.9414,1910.6807,  1.7699,1965.7407,  2.1768,1966.7067,  2.8015
1673.8198,  0.9400,1912.6607,  1.7653,1967.7778,  2.1801,1968.7447,  2.8007
1675.5526,  0.9387,1914.6406,  1.7607,1969.8148,  2.1835,1970.7828,  2.8000
1677.2853,  0.9374,1916.6206,  1.7562,1971.8519,  2.1868,1972.8208,  2.7992
1679.0180,  0.9360,1918.6006,  1.7516,1973.8889,  2.1902,1974.8589,  2.7985
1680.7508,  0.9347,1920.5806,  1.7470,1975.9259,  2.1935,1976.8969,  2.7977
1682.4835,  0.9334,1922.5606,  1.7424,1977.9630,  2.1969,1978.9349,  2.7970
1684.2162,  0.9320,1924.5405,  1.7378,1980.0000,  2.2002,1980.9730,  2.7962
1685.9489,  0.9307,1926.5205,  1.7332,1982.0370,  2.2036,1983.0110,  2.7955
1687.6817,  0.9294,1928.5005,  1.7286,1984.0741,  2.2069,1985.0490,  2.7947
1689.4144,  0.9280,1930.4805,  1.7240,1986.1111,  2.2103,1987.0871,  2.7940
1691.1471,  0.9267,1932.4605,  1.7194,1988.1481,  2.2136,1989.1251,  2.7932
1692.8799,  0.9254,1934.4404,  1.7148,1990.1852,  2.2170,1991.1632,  2.7925
1694.6126,  0.9240,1936.4204,  1.7102,1992.2222,  2.2203,1993.2012,  2.7917
1696.3453,  0.9227,1938.4004,  1.7056,1994.2593,  2.2237,1995.2392,  2.7910
1698.0781,  0.9214,1940.3804,  1.7010,1996.2963,  2.2270,1997.2773,  2.7902
1699.8108,  0.9201,1942.3604,  1.6964,1998.3333,  2.2304,1999.3153,  2.7895
1701.5435,  0.9187,1944.3403,  1.6918,2000.3704,  2.2337,2001.3534,  2.7887
1703.2763,  0.9174,1946.3203,  1.6872,2002.4074,  2.2371,2003.3914,  2.7880
1705.0090,  0.9161,1948.3003,  1.6826,2004.4444,  2.2404,2005.4294,  2.7872
1706.7417,  0.9147,1950.2803,  1.6780,2006.4815,  2.2438,2007.4675,  2.7865
1708.4745,  0.9134,1952.2603,  1.6734,2008.5185,  2.2471,2009.5055,  2.7857
1710.2072,  0.9121,1954.2402,  1.6689,2010.5556,  2.2505,2011.5435,  2.7850
1711.9399,  0.9107,1956.2202,  1.6643,2012.5926,  2.2538,2013.5816,  2.7842
1713.6727,  0.9094,1958.2002,  1.6597,2014.6296,  2.2572,2015.6196,  2.7835
1715.4054,  0.9081,1960.1802,  1.6551,2016.6667,  2.2605,2017.6577,  2.7827
1717.1381,  0.9067,1962.1602,  1.6505,2018.7037,  2.2639,2019.6957,  2.7820
1718.8709,  0.9054,1964.1401,  1.6459,2020.7407,  2.2672,2021.7337,  2.7812
1720.6036,  0.9041,1966.1201,  1.6413,2022.7778,  2.2706,2023.7718,  2.7805
1722.3363,  0.9027,1968.1001,  1.6367,2024.8148,  2.2739,2025.8098,  2.7797
1724.0691,  0.9014,1970.0801,  1.6321,2026.8519,  2.2773,2027.8478,  2.7790
1725.8018,  0.9001,1972.0601,  1.6275,2028.8889,  2.2806,2029.8859,  2.7782
1727.5345,  0.8987,1974.0400,  1.6229,2030.9259,  2.2840,2031.9239,  2.7775
1729.2673,  0.8974,1976.0200,  1.6183,2032.9630,  2.2873,2033.9620,  2.7767
1731.0000,  0.8961,1978.0000,  1.6137,2035.0000,  2.2907,2036.0000,  2.7760
